,counter_id,adt,main_road,counter_location,cross_road,nearby_intersect,geometry,index_right,route_id,route_name,route_desc,category,route_length,object_id
4,4450,14432.0,AIRPORT BLVD,S of,SKYPORT DR,AIRPORT BLVD & SKYPORT DR,POINT (6148939.75897583 1958001.95603256),20,23904,60,WINCHESTER STN - MILPITAS BART,Frequent,151256.0590185394,21
11,4457,8385.0,ALMADEN AVE,N of,WILLOW ST,ALMADEN AVE & WILLOW ST,POINT (6159716.96708016 1941603.89270015),4,23879,25,DE ANZA COL - VMC - ALUM ROCK STN,Frequent,140850.28949079284,5
23,4469,848.0,BLEWETT AVE,S of,WILLOW ST,BLEWETT AVE & WILLOW ST,POINT (6154536.48826791 1937960.99808306),4,23879,25,DE ANZA COL - VMC - ALUM ROCK STN,Frequent,140850.28949079284,5
24,4470,936.0,BLEWETTE AVE,S of,WILLOW ST,BLEWETTE AVE & WILLOW ST,POINT (6154536.48826791 1937960.99808306),4,23879,25,DE ANZA COL - VMC - ALUM ROCK STN,Frequent,140850.28949079284,5
28,4474,45690.0,BROKAW RD,E of,OAKLAND RD,BROKAW RD&OAKLAND RD,POINT (6156171.61984016 1964851.78419639),20,23904,60,WINCHESTER STN - MILPITAS BART,Frequent,151256.0590185394,21
29,4475,49988.0,BROKAW RD,E of,RIDDER PARK DR,BROKAW RD & RIDDER PARK DR,POINT (6154785.5688065 1964731.86252023),20,23904,60,WINCHESTER STN - MILPITAS BART,Frequent,151256.0590185394,21
30,4476,31226.0,BROKAW RD,W of,ZANKER RD,BROKAW RD & ZANKER RD,POINT (6151031.255449 1962941.4021904),20,23904,60,WINCHESTER STN - MILPITAS BART,Frequent,151256.0590185394,21
52,4498,536.0,CURTIS AVE,S of,WILLOW ST,CURTIS AVE & WILLOW ST,POINT (6155362.30157691 1938418.90038247),4,23879,25,DE ANZA COL - VMC - ALUM ROCK STN,Frequent,140850.28949079284,5
89,4535,8306.0,JUNCTION AVE,S of,BROKAW RD,JUNCTION AVE & BROKAW RD,POINT (6152271.07219508 1963850.83442664),20,23904,60,WINCHESTER STN - MILPITAS BART,Frequent,151256.0590185394,21
92,4538,699.0,KOTENBERG AVE,S of,WILLOW ST,KOTENBERG AVE & WILLOW ST,POINT (6155052.72214358 1938244.50342156),4,23879,25,DE ANZA COL - VMC - ALUM ROCK STN,Frequent,140850.28949079284,5
93,4539,623.0,KOTENBURG AVE,S of,WILLOW ST,KOTENBURG AVE & WILLOW ST,POINT (6155052.72214358 1938244.50342156),4,23879,25,DE ANZA COL - VMC - ALUM ROCK STN,Frequent,140850.28949079284,5
113,4559,15291.0,LUNDY AVE,N of,COMMERCE DR,LUNDY AVE & COMMERCE DR,POINT (6157668.66080932 1969092.53883822),20,23904,60,WINCHESTER STN - MILPITAS BART,Frequent,151256.0590185394,21
114,4560,18735.0,LUNDY AVE,N of,HOSTETTER RD,LUNDY AVE & HOSTETTER RD,POINT (6158966.04699408 1966531.01574606),20,23904,60,WINCHESTER STN - MILPITAS BART,Frequent,151256.0590185394,21
130,4576,,MONTGOMERY ST,N of,SAN CARLOS ST,MONTGOMERY ST&SAN CARLOS ST,POINT (6154447.421845 1943759.76995006),3,23876,23,DE ANZA COL - ALUM ROCK STN,Frequent,120202.95218814221,4
130,4576,,MONTGOMERY ST,N of,SAN CARLOS ST,MONTGOMERY ST&SAN CARLOS ST,POINT (6154447.421845 1943759.76995006),55,23897,523,SAN JOSE STATE - LOCKHEED MARTIN,Rapid,162676.69029166122,56
198,4644,406.0,SETTLE AVE,S of,WILLOW ST,SETTLE AVE & WILLOW ST,POINT (6154767.73518075 1938088.68286707),4,23879,25,DE ANZA COL - VMC - ALUM ROCK STN,Frequent,140850.28949079284,5
211,4657,12206.0,SKYPORT DR,E of,TECHNOLOGY DR,SKYPORT DR & TECHNOLOGY DR,POINT (6149907.32921916 1958631.34650606),20,23904,60,WINCHESTER STN - MILPITAS BART,Frequent,151256.0590185394,21
219,4665,,STEVENS CREEK BLVD,W of,MONROE ST,STEVENS CREEK BLVD&MONROE ST,POINT (6141947.94979675 1943446.59570764),3,23876,23,DE ANZA COL - ALUM ROCK STN,Frequent,120202.95218814221,4
219,4665,,STEVENS CREEK BLVD,W of,MONROE ST,STEVENS CREEK BLVD&MONROE ST,POINT (6141947.94979675 1943446.59570764),55,23897,523,SAN JOSE STATE - LOCKHEED MARTIN,Rapid,162676.69029166122,56
220,4666,22019.0,STEVENS CREEK BLVD,W of,BELLAROSE DR,STEVENS CREEK BLVD & BELLAROSE DR,POINT (6144095.96977891 1943412.14269257),3,23876,23,DE ANZA COL - ALUM ROCK STN,Frequent,120202.95218814221,4
220,4666,22019.0,STEVENS CREEK BLVD,W of,BELLAROSE DR,STEVENS CREEK BLVD & BELLAROSE DR,POINT (6144095.96977891 1943412.14269257),55,23897,523,SAN JOSE STATE - LOCKHEED MARTIN,Rapid,162676.69029166122,56
221,4667,,STORY RD,E of,MCLAUGHLIN AVE,STORY RD&MCLAUGHLIN AVE,POINT (6168160.41279167 1946503.27397747),4,23879,25,DE ANZA COL - VMC - ALUM ROCK STN,Frequent,140850.28949079284,5
233,4679,4953.0,TWENTY-FOURTH ST,N of,SANTA CLARA ST,TWENTY-FOURTH ST & SANTA CLARA ST,POINT (6164069.66802041 1951759.5466014),2,23875,22,PALO ALTO - EASTRIDGE,Frequent,242559.90769687793,3
233,4679,4953.0,TWENTY-FOURTH ST,N of,SANTA CLARA ST,TWENTY-FOURTH ST & SANTA CLARA ST,POINT (6164069.66802041 1951759.5466014),3,23876,23,DE ANZA COL - ALUM ROCK STN,Frequent,120202.95218814221,4
233,4679,4953.0,TWENTY-FOURTH ST,N of,SANTA CLARA ST,TWENTY-FOURTH ST & SANTA CLARA ST,POINT (6164069.66802041 1951759.5466014),54,23896,522,PALO ALTO - EASTRIDGE,Rapid,253522.04243493578,55
235,4681,6729.0,VINE ST,N of,WILLOW ST,VINE ST & WILLOW ST,POINT (6159424.31805916 1941399.2523614),4,23879,25,DE ANZA COL - VMC - ALUM ROCK STN,Frequent,140850.28949079284,5
263,4709,20671.0,WHITE RD,S of,ALUM ROCK AVE,WHITE RD&ALUM ROCK AVE,POINT (6175770.90938166 1958369.63377489),4,23879,25,DE ANZA COL - VMC - ALUM ROCK STN,Frequent,140850.28949079284,5
280,4726,15329.0,ALUM ROCK AVE,E of,SILCREEK DR,ALUM ROCK AVE&SILCREEK DR,POINT (6168829.03776674 1954447.35520214),3,23876,23,DE ANZA COL - ALUM ROCK STN,Frequent,120202.95218814221,4
280,4726,15329.0,ALUM ROCK AVE,E of,SILCREEK DR,ALUM ROCK AVE&SILCREEK DR,POINT (6168829.03776674 1954447.35520214),54,23896,522,PALO ALTO - EASTRIDGE,Rapid,253522.04243493578,55
287,4733,18806.0,SANTA CLARA,W of,AUTUMN,SANTA CLARA&AUTUMN,POINT (6154525.77109775 1946406.08191465),2,23875,22,PALO ALTO - EASTRIDGE,Frequent,242559.90769687793,3
287,4733,18806.0,SANTA CLARA,W of,AUTUMN,SANTA CLARA&AUTUMN,POINT (6154525.77109775 1946406.08191465),54,23896,522,PALO ALTO - EASTRIDGE,Rapid,253522.04243493578,55
292,4738,14511.0,ALUM ROCK AVE,E of,33RD ST,ALUM ROCK AVE&33RD ST,POINT (6166693.216251 1953217.22774115),2,23875,22,PALO ALTO - EASTRIDGE,Frequent,242559.90769687793,3
292,4738,14511.0,ALUM ROCK AVE,E of,33RD ST,ALUM ROCK AVE&33RD ST,POINT (6166693.216251 1953217.22774115),3,23876,23,DE ANZA COL - ALUM ROCK STN,Frequent,120202.95218814221,4
292,4738,14511.0,ALUM ROCK AVE,E of,33RD ST,ALUM ROCK AVE&33RD ST,POINT (6166693.216251 1953217.22774115),54,23896,522,PALO ALTO - EASTRIDGE,Rapid,253522.04243493578,55
302,4748,16808.0,SANTA CLARA ST,E of,21ST ST,SANTA CLARA ST&21ST ST,POINT (6163299.25945625 1951267.53446206),2,23875,22,PALO ALTO - EASTRIDGE,Frequent,242559.90769687793,3
302,4748,16808.0,SANTA CLARA ST,E of,21ST ST,SANTA CLARA ST&21ST ST,POINT (6163299.25945625 1951267.53446206),3,23876,23,DE ANZA COL - ALUM ROCK STN,Frequent,120202.95218814221,4
302,4748,16808.0,SANTA CLARA ST,E of,21ST ST,SANTA CLARA ST&21ST ST,POINT (6163299.25945625 1951267.53446206),54,23896,522,PALO ALTO - EASTRIDGE,Rapid,253522.04243493578,55
304,4750,20328.0,CAPITOL AVE,S of,ALUM ROCK AVE,CAPITOL AVE&ALUM ROCK AVE,POINT (6173624.34444907 1957139.23170814),3,23876,23,DE ANZA COL - ALUM ROCK STN,Frequent,120202.95218814221,4
304,4750,20328.0,CAPITOL AVE,S of,ALUM ROCK AVE,CAPITOL AVE&ALUM ROCK AVE,POINT (6173624.34444907 1957139.23170814),4,23879,25,DE ANZA COL - VMC - ALUM ROCK STN,Frequent,140850.28949079284,5
304,4750,20328.0,CAPITOL AVE,S of,ALUM ROCK AVE,CAPITOL AVE&ALUM ROCK AVE,POINT (6173624.34444907 1957139.23170814),54,23896,522,PALO ALTO - EASTRIDGE,Rapid,253522.04243493578,55
307,4753,12596.0,10TH,S of,SANTA CLARA,10TH&SANTA CLARA,POINT (6160225.004778 1949437.08044581),2,23875,22,PALO ALTO - EASTRIDGE,Frequent,242559.90769687793,3
307,4753,12596.0,10TH,S of,SANTA CLARA,10TH&SANTA CLARA,POINT (6160225.004778 1949437.08044581),3,23876,23,DE ANZA COL - ALUM ROCK STN,Frequent,120202.95218814221,4
307,4753,12596.0,10TH,S of,SANTA CLARA,10TH&SANTA CLARA,POINT (6160225.004778 1949437.08044581),54,23896,522,PALO ALTO - EASTRIDGE,Rapid,253522.04243493578,55
310,4756,15372.0,SANTA CLARA S,E of,14TH ST,SANTA CLARA S&14TH ST,POINT (6161383.57857633 1950165.69906731),2,23875,22,PALO ALTO - EASTRIDGE,Frequent,242559.90769687793,3
310,4756,15372.0,SANTA CLARA S,E of,14TH ST,SANTA CLARA S&14TH ST,POINT (6161383.57857633 1950165.69906731),3,23876,23,DE ANZA COL - ALUM ROCK STN,Frequent,120202.95218814221,4
310,4756,15372.0,SANTA CLARA S,E of,14TH ST,SANTA CLARA S&14TH ST,POINT (6161383.57857633 1950165.69906731),54,23896,522,PALO ALTO - EASTRIDGE,Rapid,253522.04243493578,55
311,4757,18293.0,10TH,N of,KEYES,10TH&KEYES,POINT (6163651.65442075 1943474.83449632),4,23879,25,DE ANZA COL - VMC - ALUM ROCK STN,Frequent,140850.28949079284,5
315,4761,12368.0,11TH,S of,SANTA CLARA,11TH&SANTA CLARA,POINT (6160533.27548692 1949614.60305664),2,23875,22,PALO ALTO - EASTRIDGE,Frequent,242559.90769687793,3
315,4761,12368.0,11TH,S of,SANTA CLARA,11TH&SANTA CLARA,POINT (6160533.27548692 1949614.60305664),3,23876,23,DE ANZA COL - ALUM ROCK STN,Frequent,120202.95218814221,4
315,4761,12368.0,11TH,S of,SANTA CLARA,11TH&SANTA CLARA,POINT (6160533.27548692 1949614.60305664),54,23896,522,PALO ALTO - EASTRIDGE,Rapid,253522.04243493578,55
316,4762,39057.0,MURPHY,E of,OAKLAND,MURPHY&OAKLAND,POINT (6156203.16013141 1964848.84391356),20,23904,60,WINCHESTER STN - MILPITAS BART,Frequent,151256.0590185394,21
317,4763,15670.0,SANTA CLARA ST,E of,8TH ST,SANTA CLARA ST&8TH ST,POINT (6159626.08602832 1949154.69059065),2,23875,22,PALO ALTO - EASTRIDGE,Frequent,242559.90769687793,3
317,4763,15670.0,SANTA CLARA ST,E of,8TH ST,SANTA CLARA ST&8TH ST,POINT (6159626.08602832 1949154.69059065),3,23876,23,DE ANZA COL - ALUM ROCK STN,Frequent,120202.95218814221,4
317,4763,15670.0,SANTA CLARA ST,E of,8TH ST,SANTA CLARA ST&8TH ST,POINT (6159626.08602832 1949154.69059065),54,23896,522,PALO ALTO - EASTRIDGE,Rapid,253522.04243493578,55
319,4765,19735.0,11TH,N of,KEYES,11TH&KEYES,POINT (6163956.35394257 1943660.58478098),4,23879,25,DE ANZA COL - VMC - ALUM ROCK STN,Frequent,140850.28949079284,5
330,4776,8845.0,SAN ANTONIO,W of,KING,SAN ANTONIO&KING,POINT (6168455.43943258 1952675.32298507),2,23875,22,PALO ALTO - EASTRIDGE,Frequent,242559.90769687793,3
334,4780,9424.0,WILLIAMS,W of,SARATOGA,WILLIAMS&SARATOGA,POINT (6131877.506355 1938064.83317722),4,23879,25,DE ANZA COL - VMC - ALUM ROCK STN,Frequent,140850.28949079284,5
346,4792,21654.0,SANTA CLARA,E of,101 RAMP,SANTA CLARA&101 RAMP,POINT (6166306.29510882 1952994.17306915),2,23875,22,PALO ALTO - EASTRIDGE,Frequent,242559.90769687793,3
346,4792,21654.0,SANTA CLARA,E of,101 RAMP,SANTA CLARA&101 RAMP,POINT (6166306.29510882 1952994.17306915),3,23876,23,DE ANZA COL - ALUM ROCK STN,Frequent,120202.95218814221,4
346,4792,21654.0,SANTA CLARA,E of,101 RAMP,SANTA CLARA&101 RAMP,POINT (6166306.29510882 1952994.17306915),54,23896,522,PALO ALTO - EASTRIDGE,Rapid,253522.04243493578,55
367,4813,22022.0,SANTA CLARA,W of,101 RAMP,SANTA CLARA&101 RAMP,POINT (6165454.54418766 1952504.82234181),2,23875,22,PALO ALTO - EASTRIDGE,Frequent,242559.90769687793,3
367,4813,22022.0,SANTA CLARA,W of,101 RAMP,SANTA CLARA&101 RAMP,POINT (6165454.54418766 1952504.82234181),3,23876,23,DE ANZA COL - ALUM ROCK STN,Frequent,120202.95218814221,4
367,4813,22022.0,SANTA CLARA,W of,101 RAMP,SANTA CLARA&101 RAMP,POINT (6165454.54418766 1952504.82234181),54,23896,522,PALO ALTO - EASTRIDGE,Rapid,253522.04243493578,55
368,4814,15688.0,LUNDY,N of,MURPHY,LUNDY&MURPHY,POINT (6158966.04699408 1966531.01574606),20,23904,60,WINCHESTER STN - MILPITAS BART,Frequent,151256.0590185394,21
372,4818,21751.0,BOLLINGER,W of,LAWRENCE EXPY,BOLLINGER&LAWRENCE EXPY,POINT (6126388.10919733 1938704.10486457),4,23879,25,DE ANZA COL - VMC - ALUM ROCK STN,Frequent,140850.28949079284,5
377,4823,23765.0,ALUM ROCK AVE,E of,CAPITOL AVE,ALUM ROCK AVE&CAPITOL AVE,POINT (6173637.12263875 1957207.62330365),3,23876,23,DE ANZA COL - ALUM ROCK STN,Frequent,120202.95218814221,4
377,4823,23765.0,ALUM ROCK AVE,E of,CAPITOL AVE,ALUM ROCK AVE&CAPITOL AVE,POINT (6173637.12263875 1957207.62330365),4,23879,25,DE ANZA COL - VMC - ALUM ROCK STN,Frequent,140850.28949079284,5
377,4823,23765.0,ALUM ROCK AVE,E of,CAPITOL AVE,ALUM ROCK AVE&CAPITOL AVE,POINT (6173637.12263875 1957207.62330365),54,23896,522,PALO ALTO - EASTRIDGE,Rapid,253522.04243493578,55
379,4825,18506.0,1ST,S of,BAYSHORE FWY,1ST&BAYSHORE FWY,POINT (6150076.78786975 1960608.52791914),20,23904,60,WINCHESTER STN - MILPITAS BART,Frequent,151256.0590185394,21
382,4828,15333.0,KING RD,S of,SAN ANTONIO ST,KING RD&SAN ANTONIO ST,POINT (6168530.2814745 1952653.68917006),2,23875,22,PALO ALTO - EASTRIDGE,Frequent,242559.90769687793,3
391,4837,3931.0,AUTUMN,N of,SANTA CLARA,AUTUMN&SANTA CLARA,POINT (6154574.13189341 1946456.24093506),2,23875,22,PALO ALTO - EASTRIDGE,Frequent,242559.90769687793,3
391,4837,3931.0,AUTUMN,N of,SANTA CLARA,AUTUMN&SANTA CLARA,POINT (6154574.13189341 1946456.24093506),54,23896,522,PALO ALTO - EASTRIDGE,Rapid,253522.04243493578,55
403,4849,7875.0,4TH ST,N of,SANTA CLARA ST,4TH ST&SANTA CLARA ST,POINT (6158307.17495225 1948449.43019015),2,23875,22,PALO ALTO - EASTRIDGE,Frequent,242559.90769687793,3
403,4849,7875.0,4TH ST,N of,SANTA CLARA ST,4TH ST&SANTA CLARA ST,POINT (6158307.17495225 1948449.43019015),3,23876,23,DE ANZA COL - ALUM ROCK STN,Frequent,120202.95218814221,4
403,4849,7875.0,4TH ST,N of,SANTA CLARA ST,4TH ST&SANTA CLARA ST,POINT (6158307.17495225 1948449.43019015),54,23896,522,PALO ALTO - EASTRIDGE,Rapid,253522.04243493578,55
403,4849,7875.0,4TH ST,N of,SANTA CLARA ST,4TH ST&SANTA CLARA ST,POINT (6158307.17495225 1948449.43019015),55,23897,523,SAN JOSE STATE - LOCKHEED MARTIN,Rapid,162676.69029166122,56
431,4877,33676.0,COLEMAN AV,N of,AIRPORT BL,COLEMAN AV & AIRPORT BL,POINT (6148589.45554258 1953407.77657264),20,23904,60,WINCHESTER STN - MILPITAS BART,Frequent,151256.0590185394,21
441,4887,8932.0,WILLIAMS RD,E of,EDEN AV,WILLIAMS RD & EDEN AV,POINT (6138830.37696366 1938204.28663848),4,23879,25,DE ANZA COL - VMC - ALUM ROCK STN,Frequent,140850.28949079284,5
451,4897,9090.0,WILLOW ST,E of,GLEN EYRIE AV,WILLOW ST & GLEN EYRIE AV,POINT (6151507.43658325 1936361.96814464),4,23879,25,DE ANZA COL - VMC - ALUM ROCK STN,Frequent,140850.28949079284,5
452,4898,9760.0,WILLOW ST,W of,GLEN EYRIE AV,WILLOW ST & GLEN EYRIE AV,POINT (6151378.35842933 1936290.95680372),4,23879,25,DE ANZA COL - VMC - ALUM ROCK STN,Frequent,140850.28949079284,5
461,4907,26800.0,STORY RD,E of,JACKSON AV,STORY RD & JACKSON AV,POINT (6174439.16565408 1951688.5408379),4,23879,25,DE ANZA COL - VMC - ALUM ROCK STN,Frequent,140850.28949079284,5
463,4909,20354.0,JACKSON AV,N of,STORY RD,JACKSON AV & STORY RD,POINT (6174211.75862858 1951687.84562932),4,23879,25,DE ANZA COL - VMC - ALUM ROCK STN,Frequent,140850.28949079284,5
476,4922,37430.0,WINCHESTER BL,N of,OLIN ST,WINCHESTER BL & OLIN ST,POINT (6139994.70599984 1942606.90512981),20,23904,60,WINCHESTER STN - MILPITAS BART,Frequent,151256.0590185394,21
480,4926,22920.0,STORY RD,E of,REMILLARD CT,STORY RD & REMILLARD CT,POINT (6166065.59841175 1944788.11074114),4,23879,25,DE ANZA COL - VMC - ALUM ROCK STN,Frequent,140850.28949079284,5
481,4927,23540.0,STORY RD,W of,REMILLARD CT,STORY RD & REMILLARD CT,POINT (6165910.57542783 1944672.08538264),4,23879,25,DE ANZA COL - VMC - ALUM ROCK STN,Frequent,140850.28949079284,5
482,4928,27076.0,STEVENS CREEK BL,W of,RICHFIELD DR,STEVENS CREEK BL & RICHFIELD DR,POINT (6130051.21374774 1943543.05450423),3,23876,23,DE ANZA COL - ALUM ROCK STN,Frequent,120202.95218814221,4
482,4928,27076.0,STEVENS CREEK BL,W of,RICHFIELD DR,STEVENS CREEK BL & RICHFIELD DR,POINT (6130051.21374774 1943543.05450423),55,23897,523,SAN JOSE STATE - LOCKHEED MARTIN,Rapid,162676.69029166122,56
484,4930,18894.0,SANTA CLARA ST,W of,24TH ST,SANTA CLARA ST & 24TH ST,POINT (6163948.18302716 1951637.81259289),2,23875,22,PALO ALTO - EASTRIDGE,Frequent,242559.90769687793,3
484,4930,18894.0,SANTA CLARA ST,W of,24TH ST,SANTA CLARA ST & 24TH ST,POINT (6163948.18302716 1951637.81259289),3,23876,23,DE ANZA COL - ALUM ROCK STN,Frequent,120202.95218814221,4
484,4930,18894.0,SANTA CLARA ST,W of,24TH ST,SANTA CLARA ST & 24TH ST,POINT (6163948.18302716 1951637.81259289),54,23896,522,PALO ALTO - EASTRIDGE,Rapid,253522.04243493578,55
489,4935,43398.0,TULLY RD,E of,KING RD,TULLY RD & KING RD,POINT (6176435.40444374 1942829.13598457),2,23875,22,PALO ALTO - EASTRIDGE,Frequent,242559.90769687793,3
490,4936,43256.0,BROKAW RD,W of,OAKLAND,BROKAW RD & OAKLAND,POINT (6155512.17594908 1964909.21452773),20,23904,60,WINCHESTER STN - MILPITAS BART,Frequent,151256.0590185394,21
491,4937,42790.0,MURPHY AV,W of,DELUCA DR,MURPHY AV & DELUCA DR,POINT (6158303.54306975 1965988.67037407),20,23904,60,WINCHESTER STN - MILPITAS BART,Frequent,151256.0590185394,21
494,4940,41880.0,WINCHESTER BL,N of,JUNIPERO SERRA FR,WINCHESTER BL & JUNIPERO SERRA FR,POINT (6139986.25555742 1941365.88891107),20,23904,60,WINCHESTER STN - MILPITAS BART,Frequent,151256.0590185394,21
495,4941,41799.0,MURPHY AV,W of,OYAMA DR,MURPHY AV & OYAMA DR,POINT (6157131.26785524 1965122.84631832),20,23904,60,WINCHESTER STN - MILPITAS BART,Frequent,151256.0590185394,21
497,4943,41322.0,MURPHY AV,E of,OYAMA DR,MURPHY AV & OYAMA DR,POINT (6157263.81680274 1965220.90124032),20,23904,60,WINCHESTER STN - MILPITAS BART,Frequent,151256.0590185394,21
498,4944,40853.0,MURPHY AV,W of,LUNDY AV,MURPHY AV & LUNDY AV,POINT (6158742.88831966 1966313.28553848),20,23904,60,WINCHESTER STN - MILPITAS BART,Frequent,151256.0590185394,21
499,4945,38460.0,WINCHESTER BL,S of,OLSEN DR,WINCHESTER BL & OLSEN DR,POINT (6139990.79130949 1941805.18232381),20,23904,60,WINCHESTER STN - MILPITAS BART,Frequent,151256.0590185394,21
501,4947,36410.0,WINCHESTER BL,N of,WALGROVE WY,WINCHESTER BL & WALGROVE WY,POINT (6139958.38323782 1937479.0653199),20,23904,60,WINCHESTER STN - MILPITAS BART,Frequent,151256.0590185394,21
505,4951,35810.0,MERIDIAN AV,S of,CURCI DR,MERIDIAN AV & CURCI DR,POINT (6150541.23575975 1937583.61333914),4,23879,25,DE ANZA COL - VMC - ALUM ROCK STN,Frequent,140850.28949079284,5
506,4952,35750.0,COLEMAN AV,N of,AIRPORT BL,COLEMAN AV & AIRPORT BL,POINT (6148571.09403075 1953419.81723098),20,23904,60,WINCHESTER STN - MILPITAS BART,Frequent,151256.0590185394,21
513,4959,34310.0,WINCHESTER BL,S of,NEAL AV,WINCHESTER BL & NEAL AV,POINT (6139968.88551341 1939064.12087682),4,23879,25,DE ANZA COL - VMC - ALUM ROCK STN,Frequent,140850.28949079284,5
513,4959,34310.0,WINCHESTER BL,S of,NEAL AV,WINCHESTER BL & NEAL AV,POINT (6139968.88551341 1939064.12087682),20,23904,60,WINCHESTER STN - MILPITAS BART,Frequent,151256.0590185394,21
514,4960,34238.0,WINCHESTER BL,N of,NEAL AV,WINCHESTER BL & NEAL AV,POINT (6139970.29561558 1939381.52542573),4,23879,25,DE ANZA COL - VMC - ALUM ROCK STN,Frequent,140850.28949079284,5
514,4960,34238.0,WINCHESTER BL,N of,NEAL AV,WINCHESTER BL & NEAL AV,POINT (6139970.29561558 1939381.52542573),20,23904,60,WINCHESTER STN - MILPITAS BART,Frequent,151256.0590185394,21
515,4961,34140.0,WINCHESTER BL,N of,LOMA VERDE DR,WINCHESTER BL & LOMA VERDE DR,POINT (6139939.4252705 1934689.90652815),20,23904,60,WINCHESTER STN - MILPITAS BART,Frequent,151256.0590185394,21
516,4962,33570.0,STEVENS CREEK BL,E of,HAROLD AV,STEVENS CREEK BL & HAROLD AV,POINT (6136616.37286149 1943495.03163439),3,23876,23,DE ANZA COL - ALUM ROCK STN,Frequent,120202.95218814221,4
516,4962,33570.0,STEVENS CREEK BL,E of,HAROLD AV,STEVENS CREEK BL & HAROLD AV,POINT (6136616.37286149 1943495.03163439),55,23897,523,SAN JOSE STATE - LOCKHEED MARTIN,Rapid,162676.69029166122,56
518,4964,33000.0,STEVENS CREEK BL,W of,ROSEWOOD AV,STEVENS CREEK BL & ROSEWOOD AV,POINT (6138689.13019891 1943474.25214839),3,23876,23,DE ANZA COL - ALUM ROCK STN,Frequent,120202.95218814221,4
518,4964,33000.0,STEVENS CREEK BL,W of,ROSEWOOD AV,STEVENS CREEK BL & ROSEWOOD AV,POINT (6138689.13019891 1943474.25214839),55,23897,523,SAN JOSE STATE - LOCKHEED MARTIN,Rapid,162676.69029166122,56
521,4967,32111.0,STEVENS CREEK BL,W of,CYPRESS AV,STEVENS CREEK BL & CYPRESS AV,POINT (6137081.41556658 1943490.63039649),3,23876,23,DE ANZA COL - ALUM ROCK STN,Frequent,120202.95218814221,4
521,4967,32111.0,STEVENS CREEK BL,W of,CYPRESS AV,STEVENS CREEK BL & CYPRESS AV,POINT (6137081.41556658 1943490.63039649),55,23897,523,SAN JOSE STATE - LOCKHEED MARTIN,Rapid,162676.69029166122,56
522,4968,31981.0,STEVENS CREEK BL,E of,CYPRESS AV,STEVENS CREEK BL & CYPRESS AV,POINT (6137328.44230349 1943487.70520549),3,23876,23,DE ANZA COL - ALUM ROCK STN,Frequent,120202.95218814221,4
522,4968,31981.0,STEVENS CREEK BL,E of,CYPRESS AV,STEVENS CREEK BL & CYPRESS AV,POINT (6137328.44230349 1943487.70520549),55,23897,523,SAN JOSE STATE - LOCKHEED MARTIN,Rapid,162676.69029166122,56
527,4973,30827.0,STORY RD,E of,LUCRETIA AV,STORY RD & LUCRETIA AV,POINT (6167235.92251466 1945747.10062106),4,23879,25,DE ANZA COL - VMC - ALUM ROCK STN,Frequent,140850.28949079284,5
535,4981,28920.0,STORY RD,E of,LYNDALE AV,STORY RD & LYNDALE AV,POINT (6177557.15646534 1954262.41003399),4,23879,25,DE ANZA COL - VMC - ALUM ROCK STN,Frequent,140850.28949079284,5
541,4987,27588.0,STEVENS CREEK BL,E of,RICHFIELD DR,STEVENS CREEK BL & RICHFIELD DR,POINT (6130365.174734 1943539.94033723),3,23876,23,DE ANZA COL - ALUM ROCK STN,Frequent,120202.95218814221,4
541,4987,27588.0,STEVENS CREEK BL,E of,RICHFIELD DR,STEVENS CREEK BL & RICHFIELD DR,POINT (6130365.174734 1943539.94033723),55,23897,523,SAN JOSE STATE - LOCKHEED MARTIN,Rapid,162676.69029166122,56
542,4988,27488.0,MOORPARK AV,W of,THORNTON WY,MOORPARK AV & THORNTON WY,POINT (6143182.08020249 1940781.12925382),4,23879,25,DE ANZA COL - VMC - ALUM ROCK STN,Frequent,140850.28949079284,5
543,4989,27400.0,SANTA CLARA ST,E of,28TH ST,SANTA CLARA ST & 28TH ST,POINT (6165234.20145249 1952378.07226723),2,23875,22,PALO ALTO - EASTRIDGE,Frequent,242559.90769687793,3
543,4989,27400.0,SANTA CLARA ST,E of,28TH ST,SANTA CLARA ST & 28TH ST,POINT (6165234.20145249 1952378.07226723),3,23876,23,DE ANZA COL - ALUM ROCK STN,Frequent,120202.95218814221,4
543,4989,27400.0,SANTA CLARA ST,E of,28TH ST,SANTA CLARA ST & 28TH ST,POINT (6165234.20145249 1952378.07226723),54,23896,522,PALO ALTO - EASTRIDGE,Rapid,253522.04243493578,55
552,4998,25918.0,STORY RD,W of,LUCRETIA AV,STORY RD & LUCRETIA AV,POINT (6166758.83685467 1945353.58041073),4,23879,25,DE ANZA COL - VMC - ALUM ROCK STN,Frequent,140850.28949079284,5
564,5010,24530.0,KING RD,N of,BISCAYNE WY,KING RD & BISCAYNE WY,POINT (6172797.31559134 1946942.59101222),2,23875,22,PALO ALTO - EASTRIDGE,Frequent,242559.90769687793,3
565,5011,24366.0,SAN CARLOS ST,W of,MERIDIAN AV,SAN CARLOS ST & MERIDIAN AV,POINT (6150479.17682874 1943364.80256414),3,23876,23,DE ANZA COL - ALUM ROCK STN,Frequent,120202.95218814221,4
565,5011,24366.0,SAN CARLOS ST,W of,MERIDIAN AV,SAN CARLOS ST & MERIDIAN AV,POINT (6150479.17682874 1943364.80256414),55,23897,523,SAN JOSE STATE - LOCKHEED MARTIN,Rapid,162676.69029166122,56
566,5012,24347.0,KING RD,S of,STORY RD,KING RD & STORY RD,POINT (6171382.52052066 1948821.1961789),2,23875,22,PALO ALTO - EASTRIDGE,Frequent,242559.90769687793,3
566,5012,24347.0,KING RD,S of,STORY RD,KING RD & STORY RD,POINT (6171382.52052066 1948821.1961789),4,23879,25,DE ANZA COL - VMC - ALUM ROCK STN,Frequent,140850.28949079284,5
567,5013,24341.0,SANTA CLARA ST,W of,28TH ST,SANTA CLARA ST & 28TH ST,POINT (6165056.27333066 1952275.57050373),2,23875,22,PALO ALTO - EASTRIDGE,Frequent,242559.90769687793,3
567,5013,24341.0,SANTA CLARA ST,W of,28TH ST,SANTA CLARA ST & 28TH ST,POINT (6165056.27333066 1952275.57050373),3,23876,23,DE ANZA COL - ALUM ROCK STN,Frequent,120202.95218814221,4
567,5013,24341.0,SANTA CLARA ST,W of,28TH ST,SANTA CLARA ST & 28TH ST,POINT (6165056.27333066 1952275.57050373),54,23896,522,PALO ALTO - EASTRIDGE,Rapid,253522.04243493578,55
573,5019,23976.0,SAN CARLOS ST,E of,MERIDIAN AV,SAN CARLOS ST & MERIDIAN AV,POINT (6150701.05040075 1943360.79010499),3,23876,23,DE ANZA COL - ALUM ROCK STN,Frequent,120202.95218814221,4
573,5019,23976.0,SAN CARLOS ST,E of,MERIDIAN AV,SAN CARLOS ST & MERIDIAN AV,POINT (6150701.05040075 1943360.79010499),55,23897,523,SAN JOSE STATE - LOCKHEED MARTIN,Rapid,162676.69029166122,56
576,5022,23743.0,OCALA AV,E of,CAPITOL EXPY,OCALA AV & CAPITOL EXPY,POINT (6178007.90129875 1949299.2641204),54,23896,522,PALO ALTO - EASTRIDGE,Rapid,253522.04243493578,55
587,5033,22730.0,SAN CARLOS ST,W of,LEIGH AV,SAN CARLOS ST & LEIGH AV,POINT (6147546.53669666 1943385.91669515),3,23876,23,DE ANZA COL - ALUM ROCK STN,Frequent,120202.95218814221,4
587,5033,22730.0,SAN CARLOS ST,W of,LEIGH AV,SAN CARLOS ST & LEIGH AV,POINT (6147546.53669666 1943385.91669515),55,23897,523,SAN JOSE STATE - LOCKHEED MARTIN,Rapid,162676.69029166122,56
588,5034,22694.0,SAN CARLOS ST,E of,LEIGH AV,SAN CARLOS ST & LEIGH AV,POINT (6147769.4411065 1943385.24018732),3,23876,23,DE ANZA COL - ALUM ROCK STN,Frequent,120202.95218814221,4
588,5034,22694.0,SAN CARLOS ST,E of,LEIGH AV,SAN CARLOS ST & LEIGH AV,POINT (6147769.4411065 1943385.24018732),55,23897,523,SAN JOSE STATE - LOCKHEED MARTIN,Rapid,162676.69029166122,56
600,5046,21760.0,TRADE ZONE BL,E of,LUNDY AV,TRADE ZONE BL & LUNDY AV,POINT (6157899.00975809 1972306.81423381),20,23904,60,WINCHESTER STN - MILPITAS BART,Frequent,151256.0590185394,21
610,5056,21060.0,SANTA CLARA ST,E of,MARKET ST,SANTA CLARA ST & MARKET ST,POINT (6157051.01834384 1947674.82609631),2,23875,22,PALO ALTO - EASTRIDGE,Frequent,242559.90769687793,3
610,5056,21060.0,SANTA CLARA ST,E of,MARKET ST,SANTA CLARA ST & MARKET ST,POINT (6157051.01834384 1947674.82609631),54,23896,522,PALO ALTO - EASTRIDGE,Rapid,253522.04243493578,55
617,5063,20670.0,KING RD,S of,WAVERLY AV,KING RD & WAVERLY AV,POINT (6175220.97216132 1943771.0940744),2,23875,22,PALO ALTO - EASTRIDGE,Frequent,242559.90769687793,3
619,5065,20610.0,TRADE ZONE BL,W of,LUNDY AV,TRADE ZONE BL & LUNDY AV,POINT (6157599.21442591 1972341.53529298),20,23904,60,WINCHESTER STN - MILPITAS BART,Frequent,151256.0590185394,21
621,5067,20418.0,STEVENS CREEK BL,W of,BASCOM AV,STEVENS CREEK BL & BASCOM AV,POINT (6145121.24331892 1943408.57084931),3,23876,23,DE ANZA COL - ALUM ROCK STN,Frequent,120202.95218814221,4
621,5067,20418.0,STEVENS CREEK BL,W of,BASCOM AV,STEVENS CREEK BL & BASCOM AV,POINT (6145121.24331892 1943408.57084931),55,23897,523,SAN JOSE STATE - LOCKHEED MARTIN,Rapid,162676.69029166122,56
622,5068,20200.0,SANTA CLARA ST,E of,10TH ST,SANTA CLARA ST & 10TH ST,POINT (6160307.16504675 1949545.82169814),2,23875,22,PALO ALTO - EASTRIDGE,Frequent,242559.90769687793,3
622,5068,20200.0,SANTA CLARA ST,E of,10TH ST,SANTA CLARA ST & 10TH ST,POINT (6160307.16504675 1949545.82169814),3,23876,23,DE ANZA COL - ALUM ROCK STN,Frequent,120202.95218814221,4
622,5068,20200.0,SANTA CLARA ST,E of,10TH ST,SANTA CLARA ST & 10TH ST,POINT (6160307.16504675 1949545.82169814),54,23896,522,PALO ALTO - EASTRIDGE,Rapid,253522.04243493578,55
624,5070,20070.0,STORY RD,E of,MCCREERY AV,STORY RD & MCCREERY AV,POINT (6172134.99703407 1949788.36222357),4,23879,25,DE ANZA COL - VMC - ALUM ROCK STN,Frequent,140850.28949079284,5
627,5073,19840.0,SANTA CLARA ST,W of,4TH ST,SANTA CLARA ST & 4TH ST,POINT (6158251.69671674 1948364.81421764),2,23875,22,PALO ALTO - EASTRIDGE,Frequent,242559.90769687793,3
627,5073,19840.0,SANTA CLARA ST,W of,4TH ST,SANTA CLARA ST & 4TH ST,POINT (6158251.69671674 1948364.81421764),3,23876,23,DE ANZA COL - ALUM ROCK STN,Frequent,120202.95218814221,4
627,5073,19840.0,SANTA CLARA ST,W of,4TH ST,SANTA CLARA ST & 4TH ST,POINT (6158251.69671674 1948364.81421764),54,23896,522,PALO ALTO - EASTRIDGE,Rapid,253522.04243493578,55
627,5073,19840.0,SANTA CLARA ST,W of,4TH ST,SANTA CLARA ST & 4TH ST,POINT (6158251.69671674 1948364.81421764),55,23897,523,SAN JOSE STATE - LOCKHEED MARTIN,Rapid,162676.69029166122,56
632,5078,18780.0,BOLLINGER RD,W of,WHITEOAK DR,BOLLINGER RD & WHITEOAK DR,POINT (6125439.2574205 1938839.28832123),4,23879,25,DE ANZA COL - VMC - ALUM ROCK STN,Frequent,140850.28949079284,5
641,5087,18150.0,BOLLINGER RD,W of,HYDE AV,BOLLINGER RD & HYDE AV,POINT (6122214.93414475 1939087.02404623),4,23879,25,DE ANZA COL - VMC - ALUM ROCK STN,Frequent,140850.28949079284,5
646,5092,17910.0,ALUM ROCK AV,W of,FOSS AV,ALUM ROCK AV & FOSS AV,POINT (6171485.03803216 1955973.91743773),3,23876,23,DE ANZA COL - ALUM ROCK STN,Frequent,120202.95218814221,4
646,5092,17910.0,ALUM ROCK AV,W of,FOSS AV,ALUM ROCK AV & FOSS AV,POINT (6171485.03803216 1955973.91743773),54,23896,522,PALO ALTO - EASTRIDGE,Rapid,253522.04243493578,55
654,5100,17561.0,MERIDIAN AV,S of,SAN CARLOS ST,MERIDIAN AV & SAN CARLOS ST,POINT (6150592.91643067 1943216.68573439),3,23876,23,DE ANZA COL - ALUM ROCK STN,Frequent,120202.95218814221,4
654,5100,17561.0,MERIDIAN AV,S of,SAN CARLOS ST,MERIDIAN AV & SAN CARLOS ST,POINT (6150592.91643067 1943216.68573439),55,23897,523,SAN JOSE STATE - LOCKHEED MARTIN,Rapid,162676.69029166122,56
669,5115,16750.0,SANTA CLARA ST,W of,17TH ST,SANTA CLARA ST & 17TH ST,POINT (6162039.5621725 1950540.66682132),2,23875,22,PALO ALTO - EASTRIDGE,Frequent,242559.90769687793,3
669,5115,16750.0,SANTA CLARA ST,W of,17TH ST,SANTA CLARA ST & 17TH ST,POINT (6162039.5621725 1950540.66682132),3,23876,23,DE ANZA COL - ALUM ROCK STN,Frequent,120202.95218814221,4
669,5115,16750.0,SANTA CLARA ST,W of,17TH ST,SANTA CLARA ST & 17TH ST,POINT (6162039.5621725 1950540.66682132),54,23896,522,PALO ALTO - EASTRIDGE,Rapid,253522.04243493578,55
671,5117,16690.0,BOLLINGER RD,E of,ALDERBROOK LN,BOLLINGER RD & ALDERBROOK LN,POINT (6120365.92996874 1938967.18964022),4,23879,25,DE ANZA COL - VMC - ALUM ROCK STN,Frequent,140850.28949079284,5
676,5122,16540.0,SANTA CLARA ST,E of,12TH ST,SANTA CLARA ST & 12TH ST,POINT (6160867.08748333 1949868.16258889),2,23875,22,PALO ALTO - EASTRIDGE,Frequent,242559.90769687793,3
676,5122,16540.0,SANTA CLARA ST,E of,12TH ST,SANTA CLARA ST & 12TH ST,POINT (6160867.08748333 1949868.16258889),3,23876,23,DE ANZA COL - ALUM ROCK STN,Frequent,120202.95218814221,4
676,5122,16540.0,SANTA CLARA ST,E of,12TH ST,SANTA CLARA ST & 12TH ST,POINT (6160867.08748333 1949868.16258889),54,23896,522,PALO ALTO - EASTRIDGE,Rapid,253522.04243493578,55
685,5131,16190.0,MARKET ST,N of,SANTA CLARA ST,MARKET ST & SANTA CLARA ST,POINT (6156842.88916691 1947840.12497832),2,23875,22,PALO ALTO - EASTRIDGE,Frequent,242559.90769687793,3
685,5131,16190.0,MARKET ST,N of,SANTA CLARA ST,MARKET ST & SANTA CLARA ST,POINT (6156842.88916691 1947840.12497832),54,23896,522,PALO ALTO - EASTRIDGE,Rapid,253522.04243493578,55
687,5133,15942.0,LUNDY AV,S of,MURPHY AV,LUNDY AV & MURPHY AV,POINT (6159094.72915141 1966337.99513473),20,23904,60,WINCHESTER STN - MILPITAS BART,Frequent,151256.0590185394,21
696,5142,15674.0,BOLLINGER RD,E of,BLANEY AV,BOLLINGER RD & BLANEY AV,POINT (6118825.92451859 1938850.2771444),4,23879,25,DE ANZA COL - VMC - ALUM ROCK STN,Frequent,140850.28949079284,5
700,5146,15560.0,OLD BAYSHORE HY,E of,FIRST ST,OLD BAYSHORE HY & FIRST ST,POINT (6149818.34908216 1960760.23004356),20,23904,60,WINCHESTER STN - MILPITAS BART,Frequent,151256.0590185394,21
706,5152,15160.0,BOLLINGER RD,E of,WINDSOR ST,BOLLINGER RD & WINDSOR ST,POINT (6117496.20539324 1939358.9906939),4,23879,25,DE ANZA COL - VMC - ALUM ROCK STN,Frequent,140850.28949079284,5
712,5158,14970.0,KING RD,S of,SAN ANTONIO ST,KING RD & SAN ANTONIO ST,POINT (6168607.94109608 1952548.55191314),2,23875,22,PALO ALTO - EASTRIDGE,Frequent,242559.90769687793,3
719,5165,14770.0,FIRST ST,N of,METRO DR,FIRST ST & METRO DR,POINT (6150274.38032234 1960255.48334965),20,23904,60,WINCHESTER STN - MILPITAS BART,Frequent,151256.0590185394,21
720,5166,14725.0,KEYES ST,E of,THIRD ST,KEYES ST & THIRD ST,POINT (6161651.03998366 1942291.17479014),4,23879,25,DE ANZA COL - VMC - ALUM ROCK STN,Frequent,140850.28949079284,5
729,5175,14370.0,LUNDY AV,S of,COMMERCE DR,LUNDY AV & COMMERCE DR,POINT (6157802.45581733 1968332.18734056),20,23904,60,WINCHESTER STN - MILPITAS BART,Frequent,151256.0590185394,21
738,5184,13864.0,BOLLINGER RD,W of,BLANEY AV,BOLLINGER RD & BLANEY AV,POINT (6118551.08714175 1938958.34943481),4,23879,25,DE ANZA COL - VMC - ALUM ROCK STN,Frequent,140850.28949079284,5
746,5192,13590.0,SANTA CLARA ST,E of,SIXTH ST,SANTA CLARA ST & SIXTH ST,POINT (6159052.19708425 1948824.70437399),2,23875,22,PALO ALTO - EASTRIDGE,Frequent,242559.90769687793,3
746,5192,13590.0,SANTA CLARA ST,E of,SIXTH ST,SANTA CLARA ST & SIXTH ST,POINT (6159052.19708425 1948824.70437399),3,23876,23,DE ANZA COL - ALUM ROCK STN,Frequent,120202.95218814221,4
746,5192,13590.0,SANTA CLARA ST,E of,SIXTH ST,SANTA CLARA ST & SIXTH ST,POINT (6159052.19708425 1948824.70437399),54,23896,522,PALO ALTO - EASTRIDGE,Rapid,253522.04243493578,55
746,5192,13590.0,SANTA CLARA ST,E of,SIXTH ST,SANTA CLARA ST & SIXTH ST,POINT (6159052.19708425 1948824.70437399),55,23897,523,SAN JOSE STATE - LOCKHEED MARTIN,Rapid,162676.69029166122,56
753,5199,13298.0,HEDDING ST,E of,THE ALAMEDA,HEDDING ST & THE ALAMEDA,POINT (6148106.59528783 1949798.81561473),2,23875,22,PALO ALTO - EASTRIDGE,Frequent,242559.90769687793,3
753,5199,13298.0,HEDDING ST,E of,THE ALAMEDA,HEDDING ST & THE ALAMEDA,POINT (6148106.59528783 1949798.81561473),54,23896,522,PALO ALTO - EASTRIDGE,Rapid,253522.04243493578,55
757,5203,13240.0,SAN CARLOS ST,W of,THIRD ST,SAN CARLOS ST & THIRD ST,POINT (6158892.88047375 1946454.16613606),3,23876,23,DE ANZA COL - ALUM ROCK STN,Frequent,120202.95218814221,4
757,5203,13240.0,SAN CARLOS ST,W of,THIRD ST,SAN CARLOS ST & THIRD ST,POINT (6158892.88047375 1946454.16613606),55,23897,523,SAN JOSE STATE - LOCKHEED MARTIN,Rapid,162676.69029166122,56
763,5209,12920.0,ALMADEN BL,N of,CONVENTION CENTER,ALMADEN BL & CONVENTION CENTER,POINT (6157256.14555825 1945247.46973056),3,23876,23,DE ANZA COL - ALUM ROCK STN,Frequent,120202.95218814221,4
763,5209,12920.0,ALMADEN BL,N of,CONVENTION CENTER,ALMADEN BL & CONVENTION CENTER,POINT (6157256.14555825 1945247.46973056),55,23897,523,SAN JOSE STATE - LOCKHEED MARTIN,Rapid,162676.69029166122,56
767,5213,12799.0,LUNDY AV,N of,COMMERCE DR,LUNDY AV & COMMERCE DR,POINT (6157648.11918375 1969546.63668332),20,23904,60,WINCHESTER STN - MILPITAS BART,Frequent,151256.0590185394,21
784,5230,12378.0,WILLOW ST,W of,DELMAS AV,WILLOW ST & DELMAS AV,POINT (6156228.51572375 1939090.72745089),4,23879,25,DE ANZA COL - VMC - ALUM ROCK STN,Frequent,140850.28949079284,5
792,5238,12214.0,WILLOW ST,E of,DELMAS AV,WILLOW ST & DELMAS AV,POINT (6156390.16631909 1939204.60386357),4,23879,25,DE ANZA COL - VMC - ALUM ROCK STN,Frequent,140850.28949079284,5
793,5239,12213.0,KEYES ST,W of,THIRD ST,KEYES ST & THIRD ST,POINT (6161385.84038283 1942139.76564415),4,23879,25,DE ANZA COL - VMC - ALUM ROCK STN,Frequent,140850.28949079284,5
796,5242,12142.0,MERIDIAN AV,N of,SAN CARLOS ST,MERIDIAN AV & SAN CARLOS ST,POINT (6150597.46432184 1943511.10804582),3,23876,23,DE ANZA COL - ALUM ROCK STN,Frequent,120202.95218814221,4
796,5242,12142.0,MERIDIAN AV,N of,SAN CARLOS ST,MERIDIAN AV & SAN CARLOS ST,POINT (6150597.46432184 1943511.10804582),55,23897,523,SAN JOSE STATE - LOCKHEED MARTIN,Rapid,162676.69029166122,56
806,5252,11850.0,RACE ST,N of,SAN CARLOS ST,RACE ST & SAN CARLOS ST,POINT (6151272.51349667 1943508.55096431),3,23876,23,DE ANZA COL - ALUM ROCK STN,Frequent,120202.95218814221,4
806,5252,11850.0,RACE ST,N of,SAN CARLOS ST,RACE ST & SAN CARLOS ST,POINT (6151272.51349667 1943508.55096431),55,23897,523,SAN JOSE STATE - LOCKHEED MARTIN,Rapid,162676.69029166122,56
815,5261,11556.0,WILLIAMS RD,E of,BOYNTON AV,WILLIAMS RD & BOYNTON AV,POINT (6135567.22600967 1938184.81522073),4,23879,25,DE ANZA COL - VMC - ALUM ROCK STN,Frequent,140850.28949079284,5
817,5263,11529.0,WILLIAMS RD,W of,BOYNTON AV,WILLIAMS RD & BOYNTON AV,POINT (6135129.95162174 1938142.58597448),4,23879,25,DE ANZA COL - VMC - ALUM ROCK STN,Frequent,140850.28949079284,5
856,5302,10330.0,TAYLOR ST,E of,THE ALAMEDA,TAYLOR ST & THE ALAMEDA,POINT (6149214.34635316 1948568.60285206),2,23875,22,PALO ALTO - EASTRIDGE,Frequent,242559.90769687793,3
856,5302,10330.0,TAYLOR ST,E of,THE ALAMEDA,TAYLOR ST & THE ALAMEDA,POINT (6149214.34635316 1948568.60285206),54,23896,522,PALO ALTO - EASTRIDGE,Rapid,253522.04243493578,55
870,5316,9934.0,OCALA AV,E of,KING RD,OCALA AV & KING RD,POINT (6173762.55283408 1945859.71391289),2,23875,22,PALO ALTO - EASTRIDGE,Frequent,242559.90769687793,3
895,5341,9176.0,WILLOW ST,E of,LELONG ST,WILLOW ST & LELONG ST,POINT (6157913.60716984 1940209.34693281),4,23879,25,DE ANZA COL - VMC - ALUM ROCK STN,Frequent,140850.28949079284,5
899,5345,9100.0,MCGINNESS AV,S of,STORY RD,MCGINNESS AV & STORY RD,POINT (6176801.20358092 1953470.2144399),4,23879,25,DE ANZA COL - VMC - ALUM ROCK STN,Frequent,140850.28949079284,5
900,5346,9090.0,FOURTH ST,S of,SANTA CLARA ST,FOURTH ST & SANTA CLARA ST,POINT (6158385.04356292 1948315.4235684),2,23875,22,PALO ALTO - EASTRIDGE,Frequent,242559.90769687793,3
900,5346,9090.0,FOURTH ST,S of,SANTA CLARA ST,FOURTH ST & SANTA CLARA ST,POINT (6158385.04356292 1948315.4235684),3,23876,23,DE ANZA COL - ALUM ROCK STN,Frequent,120202.95218814221,4
900,5346,9090.0,FOURTH ST,S of,SANTA CLARA ST,FOURTH ST & SANTA CLARA ST,POINT (6158385.04356292 1948315.4235684),54,23896,522,PALO ALTO - EASTRIDGE,Rapid,253522.04243493578,55
900,5346,9090.0,FOURTH ST,S of,SANTA CLARA ST,FOURTH ST & SANTA CLARA ST,POINT (6158385.04356292 1948315.4235684),55,23897,523,SAN JOSE STATE - LOCKHEED MARTIN,Rapid,162676.69029166122,56
903,5349,8990.0,WILLOW ST,E of,CHERRY AV,WILLOW ST & CHERRY AV,POINT (6152691.93946359 1937010.65451132),4,23879,25,DE ANZA COL - VMC - ALUM ROCK STN,Frequent,140850.28949079284,5
928,5374,8293.0,WILLOW ST,E of,CAROLYN AV,WILLOW ST & CAROLYN AV,POINT (6153182.3279185 1937278.10541998),4,23879,25,DE ANZA COL - VMC - ALUM ROCK STN,Frequent,140850.28949079284,5
954,5400,8010.0,VINE ST,S of,WILLOW ST,VINE ST & WILLOW ST,POINT (6159496.71292749 1941273.53246848),4,23879,25,DE ANZA COL - VMC - ALUM ROCK STN,Frequent,140850.28949079284,5
959,5405,7940.0,WILLIAMS RD,W of,EDEN AV,WILLIAMS RD & EDEN AV,POINT (6138437.564101 1938208.07993798),4,23879,25,DE ANZA COL - VMC - ALUM ROCK STN,Frequent,140850.28949079284,5
966,5412,7770.0,THIRD ST,S of,SANTA CLARA ST,THIRD ST & SANTA CLARA ST,POINT (6158074.10094333 1948141.48526798),2,23875,22,PALO ALTO - EASTRIDGE,Frequent,242559.90769687793,3
966,5412,7770.0,THIRD ST,S of,SANTA CLARA ST,THIRD ST & SANTA CLARA ST,POINT (6158074.10094333 1948141.48526798),3,23876,23,DE ANZA COL - ALUM ROCK STN,Frequent,120202.95218814221,4
966,5412,7770.0,THIRD ST,S of,SANTA CLARA ST,THIRD ST & SANTA CLARA ST,POINT (6158074.10094333 1948141.48526798),54,23896,522,PALO ALTO - EASTRIDGE,Rapid,253522.04243493578,55
966,5412,7770.0,THIRD ST,S of,SANTA CLARA ST,THIRD ST & SANTA CLARA ST,POINT (6158074.10094333 1948141.48526798),55,23897,523,SAN JOSE STATE - LOCKHEED MARTIN,Rapid,162676.69029166122,56
985,5431,7390.0,SANTA CLARA ST,E of,THIRD ST,SANTA CLARA ST & THIRD ST,POINT (6158086.81614099 1948269.91512923),2,23875,22,PALO ALTO - EASTRIDGE,Frequent,242559.90769687793,3
985,5431,7390.0,SANTA CLARA ST,E of,THIRD ST,SANTA CLARA ST & THIRD ST,POINT (6158086.81614099 1948269.91512923),3,23876,23,DE ANZA COL - ALUM ROCK STN,Frequent,120202.95218814221,4
985,5431,7390.0,SANTA CLARA ST,E of,THIRD ST,SANTA CLARA ST & THIRD ST,POINT (6158086.81614099 1948269.91512923),54,23896,522,PALO ALTO - EASTRIDGE,Rapid,253522.04243493578,55
985,5431,7390.0,SANTA CLARA ST,E of,THIRD ST,SANTA CLARA ST & THIRD ST,POINT (6158086.81614099 1948269.91512923),55,23897,523,SAN JOSE STATE - LOCKHEED MARTIN,Rapid,162676.69029166122,56
1024,5470,6760.0,THORNTON WY,S of,EMPEY WY,THORNTON WY & EMPEY WY,POINT (6143285.30735825 1940120.36942048),4,23879,25,DE ANZA COL - VMC - ALUM ROCK STN,Frequent,140850.28949079284,5
1047,5493,6532.0,THIRD ST,S of,KEYES ST,THIRD ST & KEYES ST,POINT (6161530.39225908 1942129.34276474),4,23879,25,DE ANZA COL - VMC - ALUM ROCK STN,Frequent,140850.28949079284,5
1049,5495,6510.0,THIRD ST,N of,SANTA CLARA ST,THIRD ST & SANTA CLARA ST,POINT (6157969.24682233 1948323.96390565),2,23875,22,PALO ALTO - EASTRIDGE,Frequent,242559.90769687793,3
1049,5495,6510.0,THIRD ST,N of,SANTA CLARA ST,THIRD ST & SANTA CLARA ST,POINT (6157969.24682233 1948323.96390565),3,23876,23,DE ANZA COL - ALUM ROCK STN,Frequent,120202.95218814221,4
1049,5495,6510.0,THIRD ST,N of,SANTA CLARA ST,THIRD ST & SANTA CLARA ST,POINT (6157969.24682233 1948323.96390565),54,23896,522,PALO ALTO - EASTRIDGE,Rapid,253522.04243493578,55
1049,5495,6510.0,THIRD ST,N of,SANTA CLARA ST,THIRD ST & SANTA CLARA ST,POINT (6157969.24682233 1948323.96390565),55,23897,523,SAN JOSE STATE - LOCKHEED MARTIN,Rapid,162676.69029166122,56
1076,5522,6122.0,MONROE ST,S of,STEVENS CREEK BL,MONROE ST & STEVENS CREEK BL,POINT (6141994.22693516 1943365.58930798),3,23876,23,DE ANZA COL - ALUM ROCK STN,Frequent,120202.95218814221,4
1076,5522,6122.0,MONROE ST,S of,STEVENS CREEK BL,MONROE ST & STEVENS CREEK BL,POINT (6141994.22693516 1943365.58930798),55,23897,523,SAN JOSE STATE - LOCKHEED MARTIN,Rapid,162676.69029166122,56
1078,5524,6084.0,BLANEY AV,N of,BOLLINGER RD,BLANEY AV & BOLLINGER RD,POINT (6118706.89522909 1939027.99430865),4,23879,25,DE ANZA COL - VMC - ALUM ROCK STN,Frequent,140850.28949079284,5
1094,5540,5790.0,WILLIAMS RD,W of,PINEWOOD DR,WILLIAMS RD & PINEWOOD DR,POINT (6130489.53242491 1938254.91252148),4,23879,25,DE ANZA COL - VMC - ALUM ROCK STN,Frequent,140850.28949079284,5
1149,5595,5230.0,MUIRFIELD DR,S of,ALUM ROCK AV,MUIRFIELD DR & ALUM ROCK AV,POINT (6172867.80593592 1956636.90134798),3,23876,23,DE ANZA COL - ALUM ROCK STN,Frequent,120202.95218814221,4
1149,5595,5230.0,MUIRFIELD DR,S of,ALUM ROCK AV,MUIRFIELD DR & ALUM ROCK AV,POINT (6172867.80593592 1956636.90134798),54,23896,522,PALO ALTO - EASTRIDGE,Rapid,253522.04243493578,55
1151,5597,5219.0,BLANEY AV,S of,BOLLINGER RD,BLANEY AV & BOLLINGER RD,POINT (6118653.26410274 1938791.83730064),4,23879,25,DE ANZA COL - VMC - ALUM ROCK STN,Frequent,140850.28949079284,5
1155,5601,5130.0,WILLOW ST,W of,LELONG ST,WILLOW ST & LELONG ST,POINT (6157825.8461905 1940160.93659656),4,23879,25,DE ANZA COL - VMC - ALUM ROCK STN,Frequent,140850.28949079284,5
1165,5611,5023.0,LEIGH AV,N of,SAN CARLOS ST,LEIGH AV & SAN CARLOS ST,POINT (6147671.22115858 1943636.19211324),3,23876,23,DE ANZA COL - ALUM ROCK STN,Frequent,120202.95218814221,4
1165,5611,5023.0,LEIGH AV,N of,SAN CARLOS ST,LEIGH AV & SAN CARLOS ST,POINT (6147671.22115858 1943636.19211324),55,23897,523,SAN JOSE STATE - LOCKHEED MARTIN,Rapid,162676.69029166122,56
1183,5629,41707.0,STORY RD,E of,CAPITOL EX,STORY RD & CAPITOL EX,POINT (6176319.08413833 1953251.25523214),4,23879,25,DE ANZA COL - VMC - ALUM ROCK STN,Frequent,140850.28949079284,5
1189,5635,21670.0,SAN CARLOS ST,E of,RAYMOND AV,SAN CARLOS ST & RAYMOND AV,POINT (6146404.64888857 1943394.52888265),3,23876,23,DE ANZA COL - ALUM ROCK STN,Frequent,120202.95218814221,4
1189,5635,21670.0,SAN CARLOS ST,E of,RAYMOND AV,SAN CARLOS ST & RAYMOND AV,POINT (6146404.64888857 1943394.52888265),55,23897,523,SAN JOSE STATE - LOCKHEED MARTIN,Rapid,162676.69029166122,56
1205,5651,23084.0,KEYES ST,W of,ELEVENTH ST,KEYES ST & ELEVENTH ST,POINT (6163883.69857608 1943556.73262648),4,23879,25,DE ANZA COL - VMC - ALUM ROCK STN,Frequent,140850.28949079284,5
1209,5655,20458.0,KING RD,S of,HAVANA DR,KING RD & HAVANA DR,POINT (6173892.21956949 1945498.0532189),2,23875,22,PALO ALTO - EASTRIDGE,Frequent,242559.90769687793,3
1210,5656,18919.0,SANTA CLARA ST,E of,FIRST ST,SANTA CLARA ST & FIRST ST,POINT (6157502.226759 1947934.46107572),2,23875,22,PALO ALTO - EASTRIDGE,Frequent,242559.90769687793,3
1210,5656,18919.0,SANTA CLARA ST,E of,FIRST ST,SANTA CLARA ST & FIRST ST,POINT (6157502.226759 1947934.46107572),3,23876,23,DE ANZA COL - ALUM ROCK STN,Frequent,120202.95218814221,4
1210,5656,18919.0,SANTA CLARA ST,E of,FIRST ST,SANTA CLARA ST & FIRST ST,POINT (6157502.226759 1947934.46107572),54,23896,522,PALO ALTO - EASTRIDGE,Rapid,253522.04243493578,55
1210,5656,18919.0,SANTA CLARA ST,E of,FIRST ST,SANTA CLARA ST & FIRST ST,POINT (6157502.226759 1947934.46107572),55,23897,523,SAN JOSE STATE - LOCKHEED MARTIN,Rapid,162676.69029166122,56
1211,5657,17190.0,SANTA CLARA ST,E of,20TH ST,SANTA CLARA ST & 20TH ST,POINT (6163067.25335857 1951134.58197206),2,23875,22,PALO ALTO - EASTRIDGE,Frequent,242559.90769687793,3
1211,5657,17190.0,SANTA CLARA ST,E of,20TH ST,SANTA CLARA ST & 20TH ST,POINT (6163067.25335857 1951134.58197206),3,23876,23,DE ANZA COL - ALUM ROCK STN,Frequent,120202.95218814221,4
1211,5657,17190.0,SANTA CLARA ST,E of,20TH ST,SANTA CLARA ST & 20TH ST,POINT (6163067.25335857 1951134.58197206),54,23896,522,PALO ALTO - EASTRIDGE,Rapid,253522.04243493578,55
1214,5660,51883.0,STEVENS CREEK BL,E of,BAYWOOD AV,STEVENS CREEK BL & BAYWOOD AV,POINT (6141420.73694041 1943456.64490014),3,23876,23,DE ANZA COL - ALUM ROCK STN,Frequent,120202.95218814221,4
1214,5660,51883.0,STEVENS CREEK BL,E of,BAYWOOD AV,STEVENS CREEK BL & BAYWOOD AV,POINT (6141420.73694041 1943456.64490014),55,23897,523,SAN JOSE STATE - LOCKHEED MARTIN,Rapid,162676.69029166122,56
1215,5661,26474.0,STORY RD,E of,LEEWARD DR,STORY RD & LEEWARD DR,POINT (6175067.04661617 1952205.28849207),4,23879,25,DE ANZA COL - VMC - ALUM ROCK STN,Frequent,140850.28949079284,5
1218,5664,28029.0,WINCHESTER BL,N of,FRUITDALE AV,WINCHESTER BL & FRUITDALE AV,POINT (6139964.09418441 1938816.79558407),4,23879,25,DE ANZA COL - VMC - ALUM ROCK STN,Frequent,140850.28949079284,5
1218,5664,28029.0,WINCHESTER BL,N of,FRUITDALE AV,WINCHESTER BL & FRUITDALE AV,POINT (6139964.09418441 1938816.79558407),20,23904,60,WINCHESTER STN - MILPITAS BART,Frequent,151256.0590185394,21
1219,5665,3360.0,FIRST ST,S of,SAN SALVADOR ST,FIRST ST & SAN SALVADOR ST,POINT (6157877.90251683 1947052.66297056),3,23876,23,DE ANZA COL - ALUM ROCK STN,Frequent,120202.95218814221,4
1219,5665,3360.0,FIRST ST,S of,SAN SALVADOR ST,FIRST ST & SAN SALVADOR ST,POINT (6157877.90251683 1947052.66297056),55,23897,523,SAN JOSE STATE - LOCKHEED MARTIN,Rapid,162676.69029166122,56
1220,5666,5054.0,SECOND ST,S of,KEYES ST,SECOND ST & KEYES ST,POINT (6161116.48363808 1942135.33258215),4,23879,25,DE ANZA COL - VMC - ALUM ROCK STN,Frequent,140850.28949079284,5
1242,5688,3069.0,ST ELIZABETH DR,S of,FRUTDALE AV,ST ELIZABETH DR & FRUTDALE AV,POINT (6149960.722157 1938647.06528048),4,23879,25,DE ANZA COL - VMC - ALUM ROCK STN,Frequent,140850.28949079284,5
1254,5700,32737.0,MERIDIAN AV,S of,WESTWOOD DR,MERIDIAN AV & WESTWOOD DR,POINT (6150536.36929967 1936913.86205398),4,23879,25,DE ANZA COL - VMC - ALUM ROCK STN,Frequent,140850.28949079284,5
1255,5701,33163.0,MERIDIAN AV,S of,WESTWOOD DR,MERIDIAN AV & WESTWOOD DR,POINT (6150536.10158366 1936885.4543024),4,23879,25,DE ANZA COL - VMC - ALUM ROCK STN,Frequent,140850.28949079284,5
1257,5703,16879.0,MOORPARK AV,W of,GULLO AV,MOORPARK AV & GULLO AV,POINT (6127251.5766305 1938632.42587407),4,23879,25,DE ANZA COL - VMC - ALUM ROCK STN,Frequent,140850.28949079284,5
1283,5729,8395.0,WILLOW ST,W of, ,WILLOW ST &,POINT (6153228.19495274 1937303.40326965),4,23879,25,DE ANZA COL - VMC - ALUM ROCK STN,Frequent,140850.28949079284,5
1287,5733,2600.0,CAPITOL AV,N of,BRISTOL DR,CAPITOL AV & BRISTOL DR,POINT (6176719.84219508 1951662.52743848),54,23896,522,PALO ALTO - EASTRIDGE,Rapid,253522.04243493578,55
1299,5745,42443.0,TULLY RD,E of,KING RD,TULLY RD & KING RD,POINT (6176387.60795142 1942789.55010574),2,23875,22,PALO ALTO - EASTRIDGE,Frequent,242559.90769687793,3
1300,5746,36031.0,MERIDIAN AV,N of,WILLOW ST,MERIDIAN AV & WILLOW ST,POINT (6150535.48905209 1936820.38815956),4,23879,25,DE ANZA COL - VMC - ALUM ROCK STN,Frequent,140850.28949079284,5
1301,5747,26368.0,WINCHESTER BL,S of,NEAL AV,WINCHESTER BL & NEAL AV,POINT (6139968.82350567 1939043.61665273),4,23879,25,DE ANZA COL - VMC - ALUM ROCK STN,Frequent,140850.28949079284,5
1301,5747,26368.0,WINCHESTER BL,S of,NEAL AV,WINCHESTER BL & NEAL AV,POINT (6139968.82350567 1939043.61665273),20,23904,60,WINCHESTER STN - MILPITAS BART,Frequent,151256.0590185394,21
1302,5748,27574.0,WINCHESTER BL,N of,LOMA VERDE DR,WINCHESTER BL & LOMA VERDE DR,POINT (6139939.11293517 1934662.52863015),20,23904,60,WINCHESTER STN - MILPITAS BART,Frequent,151256.0590185394,21
1316,5762,20807.0,KING RD,S of,WILLIAM ST,KING RD & WILLIAM ST,POINT (6168928.762961 1952073.53449048),2,23875,22,PALO ALTO - EASTRIDGE,Frequent,242559.90769687793,3
1329,5775,27066.0,THE ALAMEDA,N of,TAYLOR ST,THE ALAMEDA & TAYLOR ST,POINT (6149010.40844083 1948579.32363115),2,23875,22,PALO ALTO - EASTRIDGE,Frequent,242559.90769687793,3
1329,5775,27066.0,THE ALAMEDA,N of,TAYLOR ST,THE ALAMEDA & TAYLOR ST,POINT (6149010.40844083 1948579.32363115),54,23896,522,PALO ALTO - EASTRIDGE,Rapid,253522.04243493578,55
1332,5778,10794.0,FOURTH ST,S of,SANTA CLARA ST,FOURTH ST & SANTA CLARA ST,POINT (6158415.71541758 1948261.74618231),2,23875,22,PALO ALTO - EASTRIDGE,Frequent,242559.90769687793,3
1332,5778,10794.0,FOURTH ST,S of,SANTA CLARA ST,FOURTH ST & SANTA CLARA ST,POINT (6158415.71541758 1948261.74618231),3,23876,23,DE ANZA COL - ALUM ROCK STN,Frequent,120202.95218814221,4
1332,5778,10794.0,FOURTH ST,S of,SANTA CLARA ST,FOURTH ST & SANTA CLARA ST,POINT (6158415.71541758 1948261.74618231),54,23896,522,PALO ALTO - EASTRIDGE,Rapid,253522.04243493578,55
1332,5778,10794.0,FOURTH ST,S of,SANTA CLARA ST,FOURTH ST & SANTA CLARA ST,POINT (6158415.71541758 1948261.74618231),55,23897,523,SAN JOSE STATE - LOCKHEED MARTIN,Rapid,162676.69029166122,56
1333,5779,27346.0,SAN CARLOS ST,E of,MENKER AV,SAN CARLOS ST & MENKER AV,POINT (6148323.78940725 1943379.1854094),3,23876,23,DE ANZA COL - ALUM ROCK STN,Frequent,120202.95218814221,4
1333,5779,27346.0,SAN CARLOS ST,E of,MENKER AV,SAN CARLOS ST & MENKER AV,POINT (6148323.78940725 1943379.1854094),55,23897,523,SAN JOSE STATE - LOCKHEED MARTIN,Rapid,162676.69029166122,56
1334,5780,16977.0,BIRD AV,N of,SAN CARLOS ST,BIRD AV & SAN CARLOS ST,POINT (6154420.04689975 1943821.02573307),3,23876,23,DE ANZA COL - ALUM ROCK STN,Frequent,120202.95218814221,4
1334,5780,16977.0,BIRD AV,N of,SAN CARLOS ST,BIRD AV & SAN CARLOS ST,POINT (6154420.04689975 1943821.02573307),55,23897,523,SAN JOSE STATE - LOCKHEED MARTIN,Rapid,162676.69029166122,56
1335,5781,11485.0,SAN CARLOS ST,W of,GIFFORD AV,SAN CARLOS ST & GIFFORD AV,POINT (6155387.52724825 1944371.44982906),3,23876,23,DE ANZA COL - ALUM ROCK STN,Frequent,120202.95218814221,4
1335,5781,11485.0,SAN CARLOS ST,W of,GIFFORD AV,SAN CARLOS ST & GIFFORD AV,POINT (6155387.52724825 1944371.44982906),55,23897,523,SAN JOSE STATE - LOCKHEED MARTIN,Rapid,162676.69029166122,56
1336,5782,11733.0,SAN CARLOS ST,E of,ALMADEN BL,SAN CARLOS ST & ALMADEN BL,POINT (6157265.00413632 1945501.3268344),3,23876,23,DE ANZA COL - ALUM ROCK STN,Frequent,120202.95218814221,4
1336,5782,11733.0,SAN CARLOS ST,E of,ALMADEN BL,SAN CARLOS ST & ALMADEN BL,POINT (6157265.00413632 1945501.3268344),55,23897,523,SAN JOSE STATE - LOCKHEED MARTIN,Rapid,162676.69029166122,56
1337,5783,18635.0,SAN CARLOS ST,W of,LINCOLN AV,SAN CARLOS ST & LINCOLN AV,POINT (6151980.98058367 1943379.88324265),3,23876,23,DE ANZA COL - ALUM ROCK STN,Frequent,120202.95218814221,4
1337,5783,18635.0,SAN CARLOS ST,W of,LINCOLN AV,SAN CARLOS ST & LINCOLN AV,POINT (6151980.98058367 1943379.88324265),55,23897,523,SAN JOSE STATE - LOCKHEED MARTIN,Rapid,162676.69029166122,56
1343,5789,17598.0,THE ALAMEDA,W of,STOCKTON AV,THE ALAMEDA & STOCKTON AV,POINT (6153471.54781249 1946363.34512348),2,23875,22,PALO ALTO - EASTRIDGE,Frequent,242559.90769687793,3
1343,5789,17598.0,THE ALAMEDA,W of,STOCKTON AV,THE ALAMEDA & STOCKTON AV,POINT (6153471.54781249 1946363.34512348),54,23896,522,PALO ALTO - EASTRIDGE,Rapid,253522.04243493578,55
1347,5793,27380.0,STORY RD,E of,REMILLARD CT,STORY RD & REMILLARD CT,POINT (6166144.69274175 1944851.96658456),4,23879,25,DE ANZA COL - VMC - ALUM ROCK STN,Frequent,140850.28949079284,5
1348,5794,41439.0,STORY RD,W of,VIA FERRARI,STORY RD & VIA FERRARI,POINT (6168680.00033516 1946924.71440756),4,23879,25,DE ANZA COL - VMC - ALUM ROCK STN,Frequent,140850.28949079284,5
1349,5795,47374.0,STEVENS CREEK BL,W of,CLOVER AV,STEVENS CREEK BL & CLOVER AV,POINT (6141591.23823982 1943451.33027823),3,23876,23,DE ANZA COL - ALUM ROCK STN,Frequent,120202.95218814221,4
1349,5795,47374.0,STEVENS CREEK BL,W of,CLOVER AV,STEVENS CREEK BL & CLOVER AV,POINT (6141591.23823982 1943451.33027823),55,23897,523,SAN JOSE STATE - LOCKHEED MARTIN,Rapid,162676.69029166122,56
1350,5796,29289.0,STEVENS CREEK BL,W of,HENRY AV,STEVENS CREEK BL & HENRY AV,POINT (6138389.87292342 1943477.43029165),3,23876,23,DE ANZA COL - ALUM ROCK STN,Frequent,120202.95218814221,4
1350,5796,29289.0,STEVENS CREEK BL,W of,HENRY AV,STEVENS CREEK BL & HENRY AV,POINT (6138389.87292342 1943477.43029165),55,23897,523,SAN JOSE STATE - LOCKHEED MARTIN,Rapid,162676.69029166122,56
1351,5797,29778.0,STEVENS CREEK BL,W of,BOYNTON AV,STEVENS CREEK BL & BOYNTON AV,POINT (6135468.79379183 1943499.64973539),3,23876,23,DE ANZA COL - ALUM ROCK STN,Frequent,120202.95218814221,4
1351,5797,29778.0,STEVENS CREEK BL,W of,BOYNTON AV,STEVENS CREEK BL & BOYNTON AV,POINT (6135468.79379183 1943499.64973539),55,23897,523,SAN JOSE STATE - LOCKHEED MARTIN,Rapid,162676.69029166122,56
1359,5805,5593.0,SECOND ST,S of,SAN FERNANDO ST,SECOND ST & SAN FERNANDO ST,POINT (6158159.88850142 1947275.65366632),3,23876,23,DE ANZA COL - ALUM ROCK STN,Frequent,120202.95218814221,4
1359,5805,5593.0,SECOND ST,S of,SAN FERNANDO ST,SECOND ST & SAN FERNANDO ST,POINT (6158159.88850142 1947275.65366632),55,23897,523,SAN JOSE STATE - LOCKHEED MARTIN,Rapid,162676.69029166122,56
1360,5806,5589.0,SECOND ST,S of,SANTA CLARA ST,SECOND ST & SANTA CLARA ST,POINT (6157770.44899158 1947956.1132634),2,23875,22,PALO ALTO - EASTRIDGE,Frequent,242559.90769687793,3
1360,5806,5589.0,SECOND ST,S of,SANTA CLARA ST,SECOND ST & SANTA CLARA ST,POINT (6157770.44899158 1947956.1132634),3,23876,23,DE ANZA COL - ALUM ROCK STN,Frequent,120202.95218814221,4
1360,5806,5589.0,SECOND ST,S of,SANTA CLARA ST,SECOND ST & SANTA CLARA ST,POINT (6157770.44899158 1947956.1132634),54,23896,522,PALO ALTO - EASTRIDGE,Rapid,253522.04243493578,55
1360,5806,5589.0,SECOND ST,S of,SANTA CLARA ST,SECOND ST & SANTA CLARA ST,POINT (6157770.44899158 1947956.1132634),55,23897,523,SAN JOSE STATE - LOCKHEED MARTIN,Rapid,162676.69029166122,56
1361,5807,3549.0,FIRST ST,N of,SANTA CLARA ST,FIRST ST & SANTA CLARA ST,POINT (6157348.47378567 1947974.6703129),2,23875,22,PALO ALTO - EASTRIDGE,Frequent,242559.90769687793,3
1361,5807,3549.0,FIRST ST,N of,SANTA CLARA ST,FIRST ST & SANTA CLARA ST,POINT (6157348.47378567 1947974.6703129),3,23876,23,DE ANZA COL - ALUM ROCK STN,Frequent,120202.95218814221,4
1361,5807,3549.0,FIRST ST,N of,SANTA CLARA ST,FIRST ST & SANTA CLARA ST,POINT (6157348.47378567 1947974.6703129),54,23896,522,PALO ALTO - EASTRIDGE,Rapid,253522.04243493578,55
1361,5807,3549.0,FIRST ST,N of,SANTA CLARA ST,FIRST ST & SANTA CLARA ST,POINT (6157348.47378567 1947974.6703129),55,23897,523,SAN JOSE STATE - LOCKHEED MARTIN,Rapid,162676.69029166122,56
1362,5808,4481.0,MONTGOMERY ST,S of,SANTA CLARA ST,MONTGOMERY ST & SANTA CLARA ST,POINT (6154283.47958758 1946235.54026099),2,23875,22,PALO ALTO - EASTRIDGE,Frequent,242559.90769687793,3
1362,5808,4481.0,MONTGOMERY ST,S of,SANTA CLARA ST,MONTGOMERY ST & SANTA CLARA ST,POINT (6154283.47958758 1946235.54026099),54,23896,522,PALO ALTO - EASTRIDGE,Rapid,253522.04243493578,55
1368,5814,1825.0,BAYWOOD AV,S of,MOORPARK AV,BAYWOOD AV & MOORPARK AV,POINT (6141259.56075358 1940618.27459265),4,23879,25,DE ANZA COL - VMC - ALUM ROCK STN,Frequent,140850.28949079284,5
1369,5815,28193.0,MOORPARK AV,E of,BAYWOOD AV,MOORPARK AV & BAYWOOD AV,POINT (6141380.25801875 1940796.10199289),4,23879,25,DE ANZA COL - VMC - ALUM ROCK STN,Frequent,140850.28949079284,5
1372,5818,8294.0,MATRIX BL,W of,FIRST ST,MATRIX BL & FIRST ST,POINT (6149923.21009292 1960729.0896859),20,23904,60,WINCHESTER STN - MILPITAS BART,Frequent,151256.0590185394,21
1393,5839,7000.0,AUTUMN ST,S of,THE ALAMEDA,AUTUMN ST & THE ALAMEDA,POINT (6154575.10761325 1946297.71434923),2,23875,22,PALO ALTO - EASTRIDGE,Frequent,242559.90769687793,3
1393,5839,7000.0,AUTUMN ST,S of,THE ALAMEDA,AUTUMN ST & THE ALAMEDA,POINT (6154575.10761325 1946297.71434923),54,23896,522,PALO ALTO - EASTRIDGE,Rapid,253522.04243493578,55
1395,5841,4950.0,MONTGOMERY ST,S of,THE ALAMEDA,MONTGOMERY ST & THE ALAMEDA,POINT (6154279.78733775 1946313.80454014),2,23875,22,PALO ALTO - EASTRIDGE,Frequent,242559.90769687793,3
1395,5841,4950.0,MONTGOMERY ST,S of,THE ALAMEDA,MONTGOMERY ST & THE ALAMEDA,POINT (6154279.78733775 1946313.80454014),54,23896,522,PALO ALTO - EASTRIDGE,Rapid,253522.04243493578,55
1402,5848,14900.0,SAN CARLOS ST,W of,MARKET ST,SAN CARLOS ST & MARKET ST,POINT (6157946.93912417 1945902.35195097),3,23876,23,DE ANZA COL - ALUM ROCK STN,Frequent,120202.95218814221,4
1402,5848,14900.0,SAN CARLOS ST,W of,MARKET ST,SAN CARLOS ST & MARKET ST,POINT (6157946.93912417 1945902.35195097),55,23897,523,SAN JOSE STATE - LOCKHEED MARTIN,Rapid,162676.69029166122,56
1403,5849,14400.0,SAN CARLOS ST,W of,HWY-87,SAN CARLOS ST & HWY-87,POINT (6155993.19270357 1944793.85810497),3,23876,23,DE ANZA COL - ALUM ROCK STN,Frequent,120202.95218814221,4
1403,5849,14400.0,SAN CARLOS ST,W of,HWY-87,SAN CARLOS ST & HWY-87,POINT (6155993.19270357 1944793.85810497),55,23897,523,SAN JOSE STATE - LOCKHEED MARTIN,Rapid,162676.69029166122,56
1404,5850,14100.0,SAN CARLOS ST,E of,BIRD AV,SAN CARLOS ST & BIRD AV,POINT (6154545.24382783 1943772.52451773),3,23876,23,DE ANZA COL - ALUM ROCK STN,Frequent,120202.95218814221,4
1404,5850,14100.0,SAN CARLOS ST,E of,BIRD AV,SAN CARLOS ST & BIRD AV,POINT (6154545.24382783 1943772.52451773),55,23897,523,SAN JOSE STATE - LOCKHEED MARTIN,Rapid,162676.69029166122,56
1405,5851,14600.0,THE ALAMEDA,W of,AUTUMN ST,THE ALAMEDA & AUTUMN ST,POINT (6154474.15505925 1946404.02089514),2,23875,22,PALO ALTO - EASTRIDGE,Frequent,242559.90769687793,3
1405,5851,14600.0,THE ALAMEDA,W of,AUTUMN ST,THE ALAMEDA & AUTUMN ST,POINT (6154474.15505925 1946404.02089514),54,23896,522,PALO ALTO - EASTRIDGE,Rapid,253522.04243493578,55
1406,5852,14600.0,THE ALAMEDA,W of,CAHILL ST,THE ALAMEDA & CAHILL ST,POINT (6153947.41628332 1946383.42776048),2,23875,22,PALO ALTO - EASTRIDGE,Frequent,242559.90769687793,3
1406,5852,14600.0,THE ALAMEDA,W of,CAHILL ST,THE ALAMEDA & CAHILL ST,POINT (6153947.41628332 1946383.42776048),54,23896,522,PALO ALTO - EASTRIDGE,Rapid,253522.04243493578,55
1407,5853,15900.0,THE ALAMEDA,W of,STOCKTON AV,THE ALAMEDA & STOCKTON AV,POINT (6153456.2446935 1946362.76868106),2,23875,22,PALO ALTO - EASTRIDGE,Frequent,242559.90769687793,3
1407,5853,15900.0,THE ALAMEDA,W of,STOCKTON AV,THE ALAMEDA & STOCKTON AV,POINT (6153456.2446935 1946362.76868106),54,23896,522,PALO ALTO - EASTRIDGE,Rapid,253522.04243493578,55
1408,5854,29000.0,THE ALAMEDA,W of,INT-880,THE ALAMEDA & INT-880,POINT (6147229.92906216 1950351.44410264),2,23875,22,PALO ALTO - EASTRIDGE,Frequent,242559.90769687793,3
1408,5854,29000.0,THE ALAMEDA,W of,INT-880,THE ALAMEDA & INT-880,POINT (6147229.92906216 1950351.44410264),54,23896,522,PALO ALTO - EASTRIDGE,Rapid,253522.04243493578,55
1409,5855,28500.0,ALUM ROCK AV,E of,HWY-101,ALUM ROCK AV & HWY-101,POINT (6166225.96652932 1952949.90380073),2,23875,22,PALO ALTO - EASTRIDGE,Frequent,242559.90769687793,3
1409,5855,28500.0,ALUM ROCK AV,E of,HWY-101,ALUM ROCK AV & HWY-101,POINT (6166225.96652932 1952949.90380073),3,23876,23,DE ANZA COL - ALUM ROCK STN,Frequent,120202.95218814221,4
1409,5855,28500.0,ALUM ROCK AV,E of,HWY-101,ALUM ROCK AV & HWY-101,POINT (6166225.96652932 1952949.90380073),54,23896,522,PALO ALTO - EASTRIDGE,Rapid,253522.04243493578,55
1410,5856,28500.0,ALUM ROCK AV,E of,KING RD,ALUM ROCK AV & KING RD,POINT (6167798.39678341 1953858.03945164),2,23875,22,PALO ALTO - EASTRIDGE,Frequent,242559.90769687793,3
1410,5856,28500.0,ALUM ROCK AV,E of,KING RD,ALUM ROCK AV & KING RD,POINT (6167798.39678341 1953858.03945164),3,23876,23,DE ANZA COL - ALUM ROCK STN,Frequent,120202.95218814221,4
1410,5856,28500.0,ALUM ROCK AV,E of,KING RD,ALUM ROCK AV & KING RD,POINT (6167798.39678341 1953858.03945164),54,23896,522,PALO ALTO - EASTRIDGE,Rapid,253522.04243493578,55
1411,5857,32500.0,ALUM ROCK AV,W of,CAPITOL AV,ALUM ROCK AV & CAPITOL AV,POINT (6173493.02023666 1957125.70647272),3,23876,23,DE ANZA COL - ALUM ROCK STN,Frequent,120202.95218814221,4
1411,5857,32500.0,ALUM ROCK AV,W of,CAPITOL AV,ALUM ROCK AV & CAPITOL AV,POINT (6173493.02023666 1957125.70647272),4,23879,25,DE ANZA COL - VMC - ALUM ROCK STN,Frequent,140850.28949079284,5
1411,5857,32500.0,ALUM ROCK AV,W of,CAPITOL AV,ALUM ROCK AV & CAPITOL AV,POINT (6173493.02023666 1957125.70647272),54,23896,522,PALO ALTO - EASTRIDGE,Rapid,253522.04243493578,55
1412,5858,25500.0,ALUM ROCK AV,W of,WHITE RD,ALUM ROCK AV & WHITE RD,POINT (6175629.17410083 1958350.01012649),4,23879,25,DE ANZA COL - VMC - ALUM ROCK STN,Frequent,140850.28949079284,5
1447,5893,3830.0,FIRST ST,N of,SAN CARLOS ST,FIRST ST & SAN CARLOS ST,POINT (6158323.50628442 1946263.87616231),3,23876,23,DE ANZA COL - ALUM ROCK STN,Frequent,120202.95218814221,4
1447,5893,3830.0,FIRST ST,N of,SAN CARLOS ST,FIRST ST & SAN CARLOS ST,POINT (6158323.50628442 1946263.87616231),55,23897,523,SAN JOSE STATE - LOCKHEED MARTIN,Rapid,162676.69029166122,56
1448,5894,4543.0,FIRST ST,N of,SANTA CLARA ST,FIRST ST & SANTA CLARA ST,POINT (6157370.69618216 1947935.37019464),2,23875,22,PALO ALTO - EASTRIDGE,Frequent,242559.90769687793,3
1448,5894,4543.0,FIRST ST,N of,SANTA CLARA ST,FIRST ST & SANTA CLARA ST,POINT (6157370.69618216 1947935.37019464),3,23876,23,DE ANZA COL - ALUM ROCK STN,Frequent,120202.95218814221,4
1448,5894,4543.0,FIRST ST,N of,SANTA CLARA ST,FIRST ST & SANTA CLARA ST,POINT (6157370.69618216 1947935.37019464),54,23896,522,PALO ALTO - EASTRIDGE,Rapid,253522.04243493578,55
1448,5894,4543.0,FIRST ST,N of,SANTA CLARA ST,FIRST ST & SANTA CLARA ST,POINT (6157370.69618216 1947935.37019464),55,23897,523,SAN JOSE STATE - LOCKHEED MARTIN,Rapid,162676.69029166122,56
1449,5895,10609.0,FOURTH ST,S of,SANTA CLARA ST,FOURTH ST & SANTA CLARA ST,POINT (6158433.37712766 1948230.83745147),2,23875,22,PALO ALTO - EASTRIDGE,Frequent,242559.90769687793,3
1449,5895,10609.0,FOURTH ST,S of,SANTA CLARA ST,FOURTH ST & SANTA CLARA ST,POINT (6158433.37712766 1948230.83745147),3,23876,23,DE ANZA COL - ALUM ROCK STN,Frequent,120202.95218814221,4
1449,5895,10609.0,FOURTH ST,S of,SANTA CLARA ST,FOURTH ST & SANTA CLARA ST,POINT (6158433.37712766 1948230.83745147),54,23896,522,PALO ALTO - EASTRIDGE,Rapid,253522.04243493578,55
1449,5895,10609.0,FOURTH ST,S of,SANTA CLARA ST,FOURTH ST & SANTA CLARA ST,POINT (6158433.37712766 1948230.83745147),55,23897,523,SAN JOSE STATE - LOCKHEED MARTIN,Rapid,162676.69029166122,56
1454,5900,15094.0,SAN CARLOS ST,E of,CONVENTION CENTER LRT,SAN CARLOS ST & CONVENTION CENTER LRT,POINT (6157710.05573966 1945760.43195923),3,23876,23,DE ANZA COL - ALUM ROCK STN,Frequent,120202.95218814221,4
1454,5900,15094.0,SAN CARLOS ST,E of,CONVENTION CENTER LRT,SAN CARLOS ST & CONVENTION CENTER LRT,POINT (6157710.05573966 1945760.43195923),55,23897,523,SAN JOSE STATE - LOCKHEED MARTIN,Rapid,162676.69029166122,56
1455,5901,14075.0,SAN CARLOS ST,E of,JOSEFA ST,SAN CARLOS ST & JOSEFA ST,POINT (6155113.91591883 1944174.06078814),3,23876,23,DE ANZA COL - ALUM ROCK STN,Frequent,120202.95218814221,4
1455,5901,14075.0,SAN CARLOS ST,E of,JOSEFA ST,SAN CARLOS ST & JOSEFA ST,POINT (6155113.91591883 1944174.06078814),55,23897,523,SAN JOSE STATE - LOCKHEED MARTIN,Rapid,162676.69029166122,56
1456,5902,11802.0,SAN CARLOS ST,W of,WOZ WY,SAN CARLOS ST & WOZ WY,POINT (6156235.85954107 1944931.71708123),3,23876,23,DE ANZA COL - ALUM ROCK STN,Frequent,120202.95218814221,4
1456,5902,11802.0,SAN CARLOS ST,W of,WOZ WY,SAN CARLOS ST & WOZ WY,POINT (6156235.85954107 1944931.71708123),55,23897,523,SAN JOSE STATE - LOCKHEED MARTIN,Rapid,162676.69029166122,56
1466,5912,5505.0,WOZ WY,N of,SAN CARLOS ST,WOZ WY & SAN CARLOS ST,POINT (6156246.23156758 1945002.87802814),3,23876,23,DE ANZA COL - ALUM ROCK STN,Frequent,120202.95218814221,4
1466,5912,5505.0,WOZ WY,N of,SAN CARLOS ST,WOZ WY & SAN CARLOS ST,POINT (6156246.23156758 1945002.87802814),55,23897,523,SAN JOSE STATE - LOCKHEED MARTIN,Rapid,162676.69029166122,56
1475,5921,41811.0,TULLY RD,W of,QUIMBY RD,TULLY RD & QUIMBY RD,POINT (6177722.24307741 1943889.82382381),2,23875,22,PALO ALTO - EASTRIDGE,Frequent,242559.90769687793,3
1478,5924,25204.0,WHITE RD,N of,WESTBORO DR,WHITE RD & WESTBORO DR,POINT (6177263.20036033 1956269.27084965),4,23879,25,DE ANZA COL - VMC - ALUM ROCK STN,Frequent,140850.28949079284,5
1528,5974,1694.0,HYDE AV,S of,BOLLINGER RD,HYDE AV & BOLLINGER RD,POINT (6122387.26057175 1939005.87197757),4,23879,25,DE ANZA COL - VMC - ALUM ROCK STN,Frequent,140850.28949079284,5
1585,6031,3050.0,ST ELIZABETH DR,S of,FRUTDALE AV,ST ELIZABETH DR & FRUTDALE AV,POINT (6149960.83993891 1938666.77882373),4,23879,25,DE ANZA COL - VMC - ALUM ROCK STN,Frequent,140850.28949079284,5
1587,6033,26146.0,STORY RD,W of,CAPITOL EX,STORY RD & CAPITOL EX,POINT (6175883.59025866 1952878.76319498),4,23879,25,DE ANZA COL - VMC - ALUM ROCK STN,Frequent,140850.28949079284,5
1587,6033,26146.0,STORY RD,W of,CAPITOL EX,STORY RD & CAPITOL EX,POINT (6175883.59025866 1952878.76319498),54,23896,522,PALO ALTO - EASTRIDGE,Rapid,253522.04243493578,55
1588,6034,24559.0,STORY RD,W of,HOPKINS DR,STORY RD & HOPKINS DR,POINT (6172801.66072699 1950338.21775115),4,23879,25,DE ANZA COL - VMC - ALUM ROCK STN,Frequent,140850.28949079284,5
1589,6035,24512.0,STORY RD,W of,JACKSON AV,STORY RD & JACKSON AV,POINT (6174237.94000666 1951522.15107881),4,23879,25,DE ANZA COL - VMC - ALUM ROCK STN,Frequent,140850.28949079284,5
1590,6036,40098.0,STORY RD,W of,KING RD,STORY RD & KING RD,POINT (6171140.85007225 1948967.21589997),2,23875,22,PALO ALTO - EASTRIDGE,Frequent,242559.90769687793,3
1590,6036,40098.0,STORY RD,W of,KING RD,STORY RD & KING RD,POINT (6171140.85007225 1948967.21589997),4,23879,25,DE ANZA COL - VMC - ALUM ROCK STN,Frequent,140850.28949079284,5
1591,6037,42388.0,STORY RD,W of,MCGINNESS AV,STORY RD & MCGINNESS AV,POINT (6176671.5722785 1953542.41377056),4,23879,25,DE ANZA COL - VMC - ALUM ROCK STN,Frequent,140850.28949079284,5
1593,6039,30697.0,STORY RD,W of,STONEHEDGE WY,STORY RD & STONEHEDGE WY,POINT (6177968.71502541 1954602.58783132),4,23879,25,DE ANZA COL - VMC - ALUM ROCK STN,Frequent,140850.28949079284,5
1597,6043,7738.0,WILLOW ST,W of,PALM ST,WILLOW ST & PALM ST,POINT (6158874.42447391 1940957.00849523),4,23879,25,DE ANZA COL - VMC - ALUM ROCK STN,Frequent,140850.28949079284,5
1624,6070,27834.0,THE ALAMEDA,N of,ASBURY ST,THE ALAMEDA & ASBURY ST,POINT (6148912.90404266 1948685.10163482),2,23875,22,PALO ALTO - EASTRIDGE,Frequent,242559.90769687793,3
1624,6070,27834.0,THE ALAMEDA,N of,ASBURY ST,THE ALAMEDA & ASBURY ST,POINT (6148912.90404266 1948685.10163482),54,23896,522,PALO ALTO - EASTRIDGE,Rapid,253522.04243493578,55
1625,6071,33646.0,THE ALAMEDA,N of,HEDDING ST,THE ALAMEDA & HEDDING ST,POINT (6147935.96111466 1949752.47876514),2,23875,22,PALO ALTO - EASTRIDGE,Frequent,242559.90769687793,3
1625,6071,33646.0,THE ALAMEDA,N of,HEDDING ST,THE ALAMEDA & HEDDING ST,POINT (6147935.96111466 1949752.47876514),54,23896,522,PALO ALTO - EASTRIDGE,Rapid,253522.04243493578,55
1626,6072,28960.0,THE ALAMEDA,N of,NEWHALL ST,THE ALAMEDA & NEWHALL ST,POINT (6146327.66216591 1950725.06310606),2,23875,22,PALO ALTO - EASTRIDGE,Frequent,242559.90769687793,3
1626,6072,28960.0,THE ALAMEDA,N of,NEWHALL ST,THE ALAMEDA & NEWHALL ST,POINT (6146327.66216591 1950725.06310606),54,23896,522,PALO ALTO - EASTRIDGE,Rapid,253522.04243493578,55
1627,6073,17714.0,THE ALAMEDA,W of,STOCKTON AV,THE ALAMEDA & STOCKTON AV,POINT (6153425.58005667 1946361.61251539),2,23875,22,PALO ALTO - EASTRIDGE,Frequent,242559.90769687793,3
1627,6073,17714.0,THE ALAMEDA,W of,STOCKTON AV,THE ALAMEDA & STOCKTON AV,POINT (6153425.58005667 1946361.61251539),54,23896,522,PALO ALTO - EASTRIDGE,Rapid,253522.04243493578,55
1628,6074,23240.0,THE ALAMEDA,N of,SHASTA AV,THE ALAMEDA & SHASTA AV,POINT (6150610.53811458 1946867.80507256),2,23875,22,PALO ALTO - EASTRIDGE,Frequent,242559.90769687793,3
1628,6074,23240.0,THE ALAMEDA,N of,SHASTA AV,THE ALAMEDA & SHASTA AV,POINT (6150610.53811458 1946867.80507256),54,23896,522,PALO ALTO - EASTRIDGE,Rapid,253522.04243493578,55
1639,6085,18988.0,SANTA CLARA ST,W of,10TH ST,SANTA CLARA ST & 10TH ST,POINT (6160147.17881817 1949454.21230131),2,23875,22,PALO ALTO - EASTRIDGE,Frequent,242559.90769687793,3
1639,6085,18988.0,SANTA CLARA ST,W of,10TH ST,SANTA CLARA ST & 10TH ST,POINT (6160147.17881817 1949454.21230131),3,23876,23,DE ANZA COL - ALUM ROCK STN,Frequent,120202.95218814221,4
1639,6085,18988.0,SANTA CLARA ST,W of,10TH ST,SANTA CLARA ST & 10TH ST,POINT (6160147.17881817 1949454.21230131),54,23896,522,PALO ALTO - EASTRIDGE,Rapid,253522.04243493578,55
1640,6086,15188.0,SANTA CLARA ST,W of,7TH ST,SANTA CLARA ST & 7TH ST,POINT (6159222.47102192 1948922.27996624),2,23875,22,PALO ALTO - EASTRIDGE,Frequent,242559.90769687793,3
1640,6086,15188.0,SANTA CLARA ST,W of,7TH ST,SANTA CLARA ST & 7TH ST,POINT (6159222.47102192 1948922.27996624),3,23876,23,DE ANZA COL - ALUM ROCK STN,Frequent,120202.95218814221,4
1640,6086,15188.0,SANTA CLARA ST,W of,7TH ST,SANTA CLARA ST & 7TH ST,POINT (6159222.47102192 1948922.27996624),54,23896,522,PALO ALTO - EASTRIDGE,Rapid,253522.04243493578,55
1640,6086,15188.0,SANTA CLARA ST,W of,7TH ST,SANTA CLARA ST & 7TH ST,POINT (6159222.47102192 1948922.27996624),55,23897,523,SAN JOSE STATE - LOCKHEED MARTIN,Rapid,162676.69029166122,56
1641,6087,16786.0,SANTA CLARA ST,W of,17TH ST,SANTA CLARA ST & 17TH ST,POINT (6162100.115201 1950575.63820806),2,23875,22,PALO ALTO - EASTRIDGE,Frequent,242559.90769687793,3
1641,6087,16786.0,SANTA CLARA ST,W of,17TH ST,SANTA CLARA ST & 17TH ST,POINT (6162100.115201 1950575.63820806),3,23876,23,DE ANZA COL - ALUM ROCK STN,Frequent,120202.95218814221,4
1641,6087,16786.0,SANTA CLARA ST,W of,17TH ST,SANTA CLARA ST & 17TH ST,POINT (6162100.115201 1950575.63820806),54,23896,522,PALO ALTO - EASTRIDGE,Rapid,253522.04243493578,55
1664,6110,10938.0,SAN CARLOS ST,W of,ALMADEN BL,SAN CARLOS ST & ALMADEN BL,POINT (6157043.02656192 1945378.99210531),3,23876,23,DE ANZA COL - ALUM ROCK STN,Frequent,120202.95218814221,4
1664,6110,10938.0,SAN CARLOS ST,W of,ALMADEN BL,SAN CARLOS ST & ALMADEN BL,POINT (6157043.02656192 1945378.99210531),55,23897,523,SAN JOSE STATE - LOCKHEED MARTIN,Rapid,162676.69029166122,56
1668,6114,24618.0,SANTA CLARA ST,E of,1ST ST,SANTA CLARA ST & 1ST ST,POINT (6157455.470947 1947907.42143165),2,23875,22,PALO ALTO - EASTRIDGE,Frequent,242559.90769687793,3
1668,6114,24618.0,SANTA CLARA ST,E of,1ST ST,SANTA CLARA ST & 1ST ST,POINT (6157455.470947 1947907.42143165),3,23876,23,DE ANZA COL - ALUM ROCK STN,Frequent,120202.95218814221,4
1668,6114,24618.0,SANTA CLARA ST,E of,1ST ST,SANTA CLARA ST & 1ST ST,POINT (6157455.470947 1947907.42143165),54,23896,522,PALO ALTO - EASTRIDGE,Rapid,253522.04243493578,55
1668,6114,24618.0,SANTA CLARA ST,E of,1ST ST,SANTA CLARA ST & 1ST ST,POINT (6157455.470947 1947907.42143165),55,23897,523,SAN JOSE STATE - LOCKHEED MARTIN,Rapid,162676.69029166122,56
1671,6117,25438.0,WINCHESTER BL,S of,OLIN AV,WINCHESTER BL & OLIN AV,POINT (6139994.21026592 1942334.42568789),20,23904,60,WINCHESTER STN - MILPITAS BART,Frequent,151256.0590185394,21
1673,6119,25781.0,WINCHESTER BL,S of,NEAL AV,WINCHESTER BL & NEAL AV,POINT (6139969.01445016 1939118.67785431),4,23879,25,DE ANZA COL - VMC - ALUM ROCK STN,Frequent,140850.28949079284,5
1673,6119,25781.0,WINCHESTER BL,S of,NEAL AV,WINCHESTER BL & NEAL AV,POINT (6139969.01445016 1939118.67785431),20,23904,60,WINCHESTER STN - MILPITAS BART,Frequent,151256.0590185394,21
1675,6121,27242.0,MOORPARK AV,E of,CLOVER AV,MOORPARK AV & CLOVER AV,POINT (6141684.0044585 1940793.75390048),4,23879,25,DE ANZA COL - VMC - ALUM ROCK STN,Frequent,140850.28949079284,5
1681,6127,10644.0,ELEVENTH ST,S of,SANTA CLARA ST,ELEVENTH ST & SANTA CLARA ST,POINT (6160561.543475 1949565.82690749),2,23875,22,PALO ALTO - EASTRIDGE,Frequent,242559.90769687793,3
1681,6127,10644.0,ELEVENTH ST,S of,SANTA CLARA ST,ELEVENTH ST & SANTA CLARA ST,POINT (6160561.543475 1949565.82690749),3,23876,23,DE ANZA COL - ALUM ROCK STN,Frequent,120202.95218814221,4
1681,6127,10644.0,ELEVENTH ST,S of,SANTA CLARA ST,ELEVENTH ST & SANTA CLARA ST,POINT (6160561.543475 1949565.82690749),54,23896,522,PALO ALTO - EASTRIDGE,Rapid,253522.04243493578,55
1685,6131,10654.0,10TH ST,S of,SANTA CLARA ST,10TH ST & SANTA CLARA ST,POINT (6160255.23896949 1949385.3367829),2,23875,22,PALO ALTO - EASTRIDGE,Frequent,242559.90769687793,3
1685,6131,10654.0,10TH ST,S of,SANTA CLARA ST,10TH ST & SANTA CLARA ST,POINT (6160255.23896949 1949385.3367829),3,23876,23,DE ANZA COL - ALUM ROCK STN,Frequent,120202.95218814221,4
1685,6131,10654.0,10TH ST,S of,SANTA CLARA ST,10TH ST & SANTA CLARA ST,POINT (6160255.23896949 1949385.3367829),54,23896,522,PALO ALTO - EASTRIDGE,Rapid,253522.04243493578,55
1703,6149,1490.0,CAPITOL AV,N of,CORNWALL DR,CAPITOL AV & CORNWALL DR,POINT (6177178.01253858 1950806.92613131),54,23896,522,PALO ALTO - EASTRIDGE,Rapid,253522.04243493578,55
1704,6150,2210.0,CAPITOL AV,N of,MURTHA DR,CAPITOL AV & MURTHA DR,POINT (6176612.48282975 1951863.61627515),54,23896,522,PALO ALTO - EASTRIDGE,Rapid,253522.04243493578,55
1723,6169,16864.0,ALUM ROCK AV,W of,MCCREERY AV,ALUM ROCK AV & MCCREERY AV,POINT (6168718.71449658 1954388.18537298),3,23876,23,DE ANZA COL - ALUM ROCK STN,Frequent,120202.95218814221,4
1723,6169,16864.0,ALUM ROCK AV,W of,MCCREERY AV,ALUM ROCK AV & MCCREERY AV,POINT (6168718.71449658 1954388.18537298),54,23896,522,PALO ALTO - EASTRIDGE,Rapid,253522.04243493578,55
1735,6181,21010.0,SAN CARLOS ST,E of,LEIGH AV,SAN CARLOS ST & LEIGH AV,POINT (6147736.52614608 1943385.49313956),3,23876,23,DE ANZA COL - ALUM ROCK STN,Frequent,120202.95218814221,4
1735,6181,21010.0,SAN CARLOS ST,E of,LEIGH AV,SAN CARLOS ST & LEIGH AV,POINT (6147736.52614608 1943385.49313956),55,23897,523,SAN JOSE STATE - LOCKHEED MARTIN,Rapid,162676.69029166122,56
1737,6183,19243.0,SANTA CLARA ST,W of,MARKET ST,SANTA CLARA ST & MARKET ST,POINT (6156922.334218 1947598.9466549),2,23875,22,PALO ALTO - EASTRIDGE,Frequent,242559.90769687793,3
1737,6183,19243.0,SANTA CLARA ST,W of,MARKET ST,SANTA CLARA ST & MARKET ST,POINT (6156922.334218 1947598.9466549),54,23896,522,PALO ALTO - EASTRIDGE,Rapid,253522.04243493578,55
1741,6187,16127.0,AIRPORT BL,N of,AIRPORT PY,AIRPORT BL & AIRPORT PY,POINT (6147404.73350258 1959313.35006331),20,23904,60,WINCHESTER STN - MILPITAS BART,Frequent,151256.0590185394,21
1745,6191,4902.0,AUTUMN ST,S of,SANTA CLARA ST,AUTUMN ST & SANTA CLARA ST,POINT (6154573.45079242 1946340.42292523),2,23875,22,PALO ALTO - EASTRIDGE,Frequent,242559.90769687793,3
1745,6191,4902.0,AUTUMN ST,S of,SANTA CLARA ST,AUTUMN ST & SANTA CLARA ST,POINT (6154573.45079242 1946340.42292523),54,23896,522,PALO ALTO - EASTRIDGE,Rapid,253522.04243493578,55
1750,6196,17310.0,SANTA CLARA ST,E of,20TH ST,SANTA CLARA ST & 20TH ST,POINT (6163028.15927666 1951112.11941856),2,23875,22,PALO ALTO - EASTRIDGE,Frequent,242559.90769687793,3
1750,6196,17310.0,SANTA CLARA ST,E of,20TH ST,SANTA CLARA ST & 20TH ST,POINT (6163028.15927666 1951112.11941856),3,23876,23,DE ANZA COL - ALUM ROCK STN,Frequent,120202.95218814221,4
1750,6196,17310.0,SANTA CLARA ST,E of,20TH ST,SANTA CLARA ST & 20TH ST,POINT (6163028.15927666 1951112.11941856),54,23896,522,PALO ALTO - EASTRIDGE,Rapid,253522.04243493578,55
1751,6197,26108.0,SANTA CLARA ST,E of,28TH ST,SANTA CLARA ST & 28TH ST,POINT (6165206.412138 1952362.26914923),2,23875,22,PALO ALTO - EASTRIDGE,Frequent,242559.90769687793,3
1751,6197,26108.0,SANTA CLARA ST,E of,28TH ST,SANTA CLARA ST & 28TH ST,POINT (6165206.412138 1952362.26914923),3,23876,23,DE ANZA COL - ALUM ROCK STN,Frequent,120202.95218814221,4
1751,6197,26108.0,SANTA CLARA ST,E of,28TH ST,SANTA CLARA ST & 28TH ST,POINT (6165206.412138 1952362.26914923),54,23896,522,PALO ALTO - EASTRIDGE,Rapid,253522.04243493578,55
1757,6203,9278.0,THIRD ST,N of,SANTA CLARA ST,THIRD ST & SANTA CLARA ST,POINT (6157991.43083309 1948285.3330774),2,23875,22,PALO ALTO - EASTRIDGE,Frequent,242559.90769687793,3
1757,6203,9278.0,THIRD ST,N of,SANTA CLARA ST,THIRD ST & SANTA CLARA ST,POINT (6157991.43083309 1948285.3330774),3,23876,23,DE ANZA COL - ALUM ROCK STN,Frequent,120202.95218814221,4
1757,6203,9278.0,THIRD ST,N of,SANTA CLARA ST,THIRD ST & SANTA CLARA ST,POINT (6157991.43083309 1948285.3330774),54,23896,522,PALO ALTO - EASTRIDGE,Rapid,253522.04243493578,55
1757,6203,9278.0,THIRD ST,N of,SANTA CLARA ST,THIRD ST & SANTA CLARA ST,POINT (6157991.43083309 1948285.3330774),55,23897,523,SAN JOSE STATE - LOCKHEED MARTIN,Rapid,162676.69029166122,56
1782,6228,21620.0,CAPITOL AV,N of,ROSE AV,CAPITOL AV & ROSE AV,POINT (6173901.42099467 1956767.11696681),3,23876,23,DE ANZA COL - ALUM ROCK STN,Frequent,120202.95218814221,4
1782,6228,21620.0,CAPITOL AV,N of,ROSE AV,CAPITOL AV & ROSE AV,POINT (6173901.42099467 1956767.11696681),4,23879,25,DE ANZA COL - VMC - ALUM ROCK STN,Frequent,140850.28949079284,5
1782,6228,21620.0,CAPITOL AV,N of,ROSE AV,CAPITOL AV & ROSE AV,POINT (6173901.42099467 1956767.11696681),54,23896,522,PALO ALTO - EASTRIDGE,Rapid,253522.04243493578,55
1783,6229,24630.0,CAPITOL AV,S of,WESTBORO DR,CAPITOL AV & WESTBORO DR,POINT (6174830.65634091 1955059.54295415),54,23896,522,PALO ALTO - EASTRIDGE,Rapid,253522.04243493578,55
1790,6236,2054.0,NEWHALL ST,W of,FRANKFURT AV,NEWHALL ST & FRANKFURT AV,POINT (6146550.46585417 1950863.18094006),2,23875,22,PALO ALTO - EASTRIDGE,Frequent,242559.90769687793,3
1790,6236,2054.0,NEWHALL ST,W of,FRANKFURT AV,NEWHALL ST & FRANKFURT AV,POINT (6146550.46585417 1950863.18094006),54,23896,522,PALO ALTO - EASTRIDGE,Rapid,253522.04243493578,55
1791,6237,1820.0,PHELPS AV,N of,WALTON WY,PHELPS AV & WALTON WY,POINT (6136792.10184075 1938013.48124582),4,23879,25,DE ANZA COL - VMC - ALUM ROCK STN,Frequent,140850.28949079284,5
1793,6239,10552.0,RACE ST,N of,SAN CARLOS ST,RACE ST & SAN CARLOS ST,POINT (6151274.33140641 1943446.01106314),3,23876,23,DE ANZA COL - ALUM ROCK STN,Frequent,120202.95218814221,4
1793,6239,10552.0,RACE ST,N of,SAN CARLOS ST,RACE ST & SAN CARLOS ST,POINT (6151274.33140641 1943446.01106314),55,23897,523,SAN JOSE STATE - LOCKHEED MARTIN,Rapid,162676.69029166122,56
1820,6266,12103.0,WILLOW ST, , ,WILLOW ST &,POINT (6154950.48645566 1938249.1385829),4,23879,25,DE ANZA COL - VMC - ALUM ROCK STN,Frequent,140850.28949079284,5
1821,6267,8778.0,WILLOW ST, , ,WILLOW ST &,POINT (6153205.57065417 1937290.92954132),4,23879,25,DE ANZA COL - VMC - ALUM ROCK STN,Frequent,140850.28949079284,5
1852,6298,15952.0,FIRST ST,N of,CENTURY CENTER CT,FIRST ST & CENTURY CENTER CT,POINT (6150532.46642032 1959818.7863884),20,23904,60,WINCHESTER STN - MILPITAS BART,Frequent,151256.0590185394,21
1888,6334,5173.0,SECOND ST,S of,SANTA CLARA ST,SECOND ST & SANTA CLARA ST,POINT (6157903.78730758 1947719.4720044),3,23876,23,DE ANZA COL - ALUM ROCK STN,Frequent,120202.95218814221,4
1888,6334,5173.0,SECOND ST,S of,SANTA CLARA ST,SECOND ST & SANTA CLARA ST,POINT (6157903.78730758 1947719.4720044),55,23897,523,SAN JOSE STATE - LOCKHEED MARTIN,Rapid,162676.69029166122,56
1898,6344,23788.0,SARATOGA AV,S of,STEVENS CREEK BL,SARATOGA AV & STEVENS CREEK BL,POINT (6134215.22707325 1943421.52062656),3,23876,23,DE ANZA COL - ALUM ROCK STN,Frequent,120202.95218814221,4
1898,6344,23788.0,SARATOGA AV,S of,STEVENS CREEK BL,SARATOGA AV & STEVENS CREEK BL,POINT (6134215.22707325 1943421.52062656),55,23897,523,SAN JOSE STATE - LOCKHEED MARTIN,Rapid,162676.69029166122,56
1921,6367,16863.0,NEWHALL DR,S of,COLEMAN AV,NEWHALL DR & COLEMAN AV,POINT (6148081.35878974 1953653.40698689),20,23904,60,WINCHESTER STN - MILPITAS BART,Frequent,151256.0590185394,21
1930,6376,12448.0,SEVENTH ST,S of,KEYES ST,SEVENTH ST & KEYES ST,POINT (6162867.24522841 1942700.66642523),4,23879,25,DE ANZA COL - VMC - ALUM ROCK STN,Frequent,140850.28949079284,5
1939,6385,27548.0,MCLAUGHLIN AV,N of,STORY RD,MCLAUGHLIN AV & STORY RD,POINT (6168044.9044925 1946568.05271931),4,23879,25,DE ANZA COL - VMC - ALUM ROCK STN,Frequent,140850.28949079284,5
1958,6404,10547.0,WINCHESTER BL,S of,WALNUT GROVE AV,WINCHESTER BL & WALNUT GROVE AV,POINT (6140050.30628233 1947089.4457054),20,23904,60,WINCHESTER STN - MILPITAS BART,Frequent,151256.0590185394,21
1959,6405,22420.0,WINCHESTER BL,S of,DORCICH ST,WINCHESTER BL & DORCICH ST,POINT (6140013.59277308 1943988.77080439),20,23904,60,WINCHESTER STN - MILPITAS BART,Frequent,151256.0590185394,21
1960,6406,26386.0,WINCHESTER BL,N of,OLSEN DR,WINCHESTER BL & OLSEN DR,POINT (6139993.88054216 1942060.1053704),20,23904,60,WINCHESTER STN - MILPITAS BART,Frequent,151256.0590185394,21
1963,6409,22307.0,WHITE RD,N of,HOBART AV,WHITE RD & HOBART AV,POINT (6176328.34396233 1957593.2573749),4,23879,25,DE ANZA COL - VMC - ALUM ROCK STN,Frequent,140850.28949079284,5
1966,6412,51822.0,TULLY RD,W of,KING RD,TULLY RD & KING RD,POINT (6176088.80868025 1942550.16442965),2,23875,22,PALO ALTO - EASTRIDGE,Frequent,242559.90769687793,3
1967,6413,25439.0,TULLY RD,W of,CAPITOL AV,TULLY RD & CAPITOL AV,POINT (6179953.47417925 1945722.80900298),2,23875,22,PALO ALTO - EASTRIDGE,Frequent,242559.90769687793,3
1967,6413,25439.0,TULLY RD,W of,CAPITOL AV,TULLY RD & CAPITOL AV,POINT (6179953.47417925 1945722.80900298),54,23896,522,PALO ALTO - EASTRIDGE,Rapid,253522.04243493578,55
1971,6417,7522.0,THIRD ST,N of,SANTA CLARA ST,THIRD ST & SANTA CLARA ST,POINT (6158008.43276758 1948255.34560457),2,23875,22,PALO ALTO - EASTRIDGE,Frequent,242559.90769687793,3
1971,6417,7522.0,THIRD ST,N of,SANTA CLARA ST,THIRD ST & SANTA CLARA ST,POINT (6158008.43276758 1948255.34560457),3,23876,23,DE ANZA COL - ALUM ROCK STN,Frequent,120202.95218814221,4
1971,6417,7522.0,THIRD ST,N of,SANTA CLARA ST,THIRD ST & SANTA CLARA ST,POINT (6158008.43276758 1948255.34560457),54,23896,522,PALO ALTO - EASTRIDGE,Rapid,253522.04243493578,55
1971,6417,7522.0,THIRD ST,N of,SANTA CLARA ST,THIRD ST & SANTA CLARA ST,POINT (6158008.43276758 1948255.34560457),55,23897,523,SAN JOSE STATE - LOCKHEED MARTIN,Rapid,162676.69029166122,56
1975,6421,31074.0,STORY RD,E of,ROBERTS AV,STORY RD & ROBERTS AV,POINT (6166492.35444799 1945128.00605872),4,23879,25,DE ANZA COL - VMC - ALUM ROCK STN,Frequent,140850.28949079284,5
1976,6422,31640.0,STORY RD,W of,KING RD,STORY RD & KING RD,POINT (6171173.76076758 1948995.30278607),2,23875,22,PALO ALTO - EASTRIDGE,Frequent,242559.90769687793,3
1976,6422,31640.0,STORY RD,W of,KING RD,STORY RD & KING RD,POINT (6171173.76076758 1948995.30278607),4,23879,25,DE ANZA COL - VMC - ALUM ROCK STN,Frequent,140850.28949079284,5
1977,6423,28930.0,STORY RD,W of,GALAHAD AV,STORY RD & GALAHAD AV,POINT (6175318.89420958 1952413.80447923),4,23879,25,DE ANZA COL - VMC - ALUM ROCK STN,Frequent,140850.28949079284,5
1978,6424,41492.0,STORY RD,W of,VIA FERRARI,STORY RD & VIA FERRARI,POINT (6168711.17251691 1946950.41087848),4,23879,25,DE ANZA COL - VMC - ALUM ROCK STN,Frequent,140850.28949079284,5
1981,6427,9929.0,MATRIX BL,E of,FIRST ST,MATRIX BL & FIRST ST,POINT (6150128.27858041 1960663.02354506),20,23904,60,WINCHESTER STN - MILPITAS BART,Frequent,151256.0590185394,21
1989,6435,19783.0,KING RD,N of,PENSACOLA DR,KING RD & PENSACOLA DR,POINT (6174832.07891025 1944275.64588681),2,23875,22,PALO ALTO - EASTRIDGE,Frequent,242559.90769687793,3
1990,6436,26318.0,KING RD,N of,EVERGLADE AV,KING RD & EVERGLADE AV,POINT (6172081.38362424 1947890.02776565),2,23875,22,PALO ALTO - EASTRIDGE,Frequent,242559.90769687793,3
1991,6437,20818.0,KING RD,N of,VIRGINIA PL,KING RD & VIRGINIA PL,POINT (6169607.97485717 1951189.62680948),2,23875,22,PALO ALTO - EASTRIDGE,Frequent,242559.90769687793,3
2027,6473,9373.0,WILLOW ST,W of,SPENCER AV,WILLOW ST & SPENCER AV,POINT (6156779.66849282 1939481.45140699),4,23879,25,DE ANZA COL - VMC - ALUM ROCK STN,Frequent,140850.28949079284,5
2028,6474,9432.0,WILLOW ST,E of,GLEN ECHO AV,WILLOW ST & GLEN ECHO AV,POINT (6151727.13069767 1936481.86324607),4,23879,25,DE ANZA COL - VMC - ALUM ROCK STN,Frequent,140850.28949079284,5
2032,6478,20948.0,SAN CARLOS ST,E of,WILLARD ST,SAN CARLOS ST & WILLARD ST,POINT (6149711.48020141 1943365.91640706),3,23876,23,DE ANZA COL - ALUM ROCK STN,Frequent,120202.95218814221,4
2032,6478,20948.0,SAN CARLOS ST,E of,WILLARD ST,SAN CARLOS ST & WILLARD ST,POINT (6149711.48020141 1943365.91640706),55,23897,523,SAN JOSE STATE - LOCKHEED MARTIN,Rapid,162676.69029166122,56
2033,6479,23191.0,SAN CARLOS ST,E of,CLEVELAND AV,SAN CARLOS ST & CLEVELAND AV,POINT (6145949.72197691 1943400.19783457),3,23876,23,DE ANZA COL - ALUM ROCK STN,Frequent,120202.95218814221,4
2033,6479,23191.0,SAN CARLOS ST,E of,CLEVELAND AV,SAN CARLOS ST & CLEVELAND AV,POINT (6145949.72197691 1943400.19783457),55,23897,523,SAN JOSE STATE - LOCKHEED MARTIN,Rapid,162676.69029166122,56
2038,6484,10586.0,FRUITDALE AVE,E of,LEIGH AVE,FRUITDALE AVE & LEIGH AVE,POINT (6148129.15889099 1938742.52178247),4,23879,25,DE ANZA COL - VMC - ALUM ROCK STN,Frequent,140850.28949079284,5
2040,6486,26328.0,MOORPARK AVE,E of,CLOVER AVE,MOORPARK AVE & CLOVER AVE,POINT (6141761.87175684 1940793.24340281),4,23879,25,DE ANZA COL - VMC - ALUM ROCK STN,Frequent,140850.28949079284,5
2043,6489,5681.0,SECOND ST,S of,KEYES ST,SECOND ST & KEYES ST,POINT (6161299.01837799 1941817.66392614),4,23879,25,DE ANZA COL - VMC - ALUM ROCK STN,Frequent,140850.28949079284,5
2050,6496,16226.0,S 1ST ST,S of,KEYES ST,S 1ST ST & KEYES ST,POINT (6161224.42731982 1941756.93012373),4,23879,25,DE ANZA COL - VMC - ALUM ROCK STN,Frequent,140850.28949079284,5
2052,6498,19955.0,BOLLINGER RD,E of,MILLER AVE,BOLLINGER RD & MILLER AVE,POINT (6121958.82934199 1939064.73570497),4,23879,25,DE ANZA COL - VMC - ALUM ROCK STN,Frequent,140850.28949079284,5
2187,6633,7610.0,SAN FERNANDO ST,E of,SIXTH ST,SAN FERNANDO ST & SIXTH ST,POINT (6159398.1934395 1948119.27599481),55,23897,523,SAN JOSE STATE - LOCKHEED MARTIN,Rapid,162676.69029166122,56
2188,6634,8820.0,SAN FERNANDO ST,W of,SIXTH ST,SAN FERNANDO ST & SIXTH ST,POINT (6159311.16867916 1948070.03724815),55,23897,523,SAN JOSE STATE - LOCKHEED MARTIN,Rapid,162676.69029166122,56
2207,6653,2693.0,SIXTH ST,N of,SAN FERNANDO ST,SIXTH ST & SAN FERNANDO ST,POINT (6159330.03904824 1948138.74150707),55,23897,523,SAN JOSE STATE - LOCKHEED MARTIN,Rapid,162676.69029166122,56
2277,6723,,KING RD,N of,OCALA AVE,KING RD & OCALA AVE,POINT (6173651.44774133 1945812.14248572),2,23875,22,PALO ALTO - EASTRIDGE,Frequent,242559.90769687793,3
2278,6724,16009.0,KING RD,N of,SAN FERNANDO ST,KING RD & SAN FERNANDO ST,POINT (6168053.33918691 1953263.50684807),2,23875,22,PALO ALTO - EASTRIDGE,Frequent,242559.90769687793,3
2280,6726,37781.0,KING RD,S of,LIDO WAY,KING RD & LIDO WAY,POINT (6170797.46886925 1949583.44695097),2,23875,22,PALO ALTO - EASTRIDGE,Frequent,242559.90769687793,3
2281,6727,29036.0,KING RD,S of,STORY RD,KING RD & STORY RD,POINT (6171249.82163908 1948996.09313881),2,23875,22,PALO ALTO - EASTRIDGE,Frequent,242559.90769687793,3
2281,6727,29036.0,KING RD,S of,STORY RD,KING RD & STORY RD,POINT (6171249.82163908 1948996.09313881),4,23879,25,DE ANZA COL - VMC - ALUM ROCK STN,Frequent,140850.28949079284,5
2282,6728,18965.0,KING RD,S of,COOLEY DR,KING RD & COOLEY DR,POINT (6169051.71973608 1951909.0010269),2,23875,22,PALO ALTO - EASTRIDGE,Frequent,242559.90769687793,3
2322,6768,23273.0,SARATOGA AVE,S of,STEVENS CREEK,SARATOGA AVE & STEVENS CREEK,POINT (6134246.64630175 1943466.40111423),3,23876,23,DE ANZA COL - ALUM ROCK STN,Frequent,120202.95218814221,4
2322,6768,23273.0,SARATOGA AVE,S of,STEVENS CREEK,SARATOGA AVE & STEVENS CREEK,POINT (6134246.64630175 1943466.40111423),55,23897,523,SAN JOSE STATE - LOCKHEED MARTIN,Rapid,162676.69029166122,56
2334,6780,23284.0,SENTER RD,S of,KEYES ST,SENTER RD & KEYES ST,POINT (6164618.97433649 1943938.5819284),4,23879,25,DE ANZA COL - VMC - ALUM ROCK STN,Frequent,140850.28949079284,5
2358,7245,10207.0,KING RD,N of,SAN FERNANDO ST,KING RD & SAN FERNANDO ST,POINT (6168038.75325808 1953282.64952631),2,23875,22,PALO ALTO - EASTRIDGE,Frequent,242559.90769687793,3
2360,7247,13927.0,KING RD,S of,CHRISTOPHER ST,KING RD & CHRISTOPHER ST,POINT (6172238.18908492 1947682.46650098),2,23875,22,PALO ALTO - EASTRIDGE,Frequent,242559.90769687793,3
2361,7248,12162.0,KING RD,S of,COOLEY DR,KING RD & COOLEY DR,POINT (6169066.92246158 1951888.67199931),2,23875,22,PALO ALTO - EASTRIDGE,Frequent,242559.90769687793,3
2363,7250,25934.0,KING RD,S of,LIDO WAY,KING RD & LIDO WAY,POINT (6170809.74082632 1949567.42336097),2,23875,22,PALO ALTO - EASTRIDGE,Frequent,242559.90769687793,3
2364,7251,13221.0,KING RD,S of,OCALA AVE,KING RD & OCALA AVE,POINT (6173723.99155949 1945717.51242565),2,23875,22,PALO ALTO - EASTRIDGE,Frequent,242559.90769687793,3
2374,7261,18169.0,STORY RD,E of,BAL HARBOR WAY,STORY RD & BAL HARBOR WAY,POINT (6172131.01016541 1949785.0761409),4,23879,25,DE ANZA COL - VMC - ALUM ROCK STN,Frequent,140850.28949079284,5
2375,7262,20206.0,STORY RD,E of,JACKSON AVE,STORY RD & JACKSON AVE,POINT (6174397.29205017 1951653.89392556),4,23879,25,DE ANZA COL - VMC - ALUM ROCK STN,Frequent,140850.28949079284,5
2376,7263,21056.0,STORY RD,W of,ROBERTS AVE,STORY RD & ROBERTS AVE,POINT (6166346.74647149 1945014.70215148),4,23879,25,DE ANZA COL - VMC - ALUM ROCK STN,Frequent,140850.28949079284,5
2377,7264,30501.0,STORY RD,W of,VIA FERRARI,STORY RD & VIA FERRARI,POINT (6168690.09250657 1946933.03361665),4,23879,25,DE ANZA COL - VMC - ALUM ROCK STN,Frequent,140850.28949079284,5
